2026-05-21 13:59:29.214 +05:30 [INF] TrustStateManager initialized
2026-05-21 13:59:29.252 +05:30 [INF] EnforcementManager ready
2026-05-21 13:59:29.252 +05:30 [INF] RecoveryManager initialized (skeleton)
2026-05-21 13:59:29.255 +05:30 [INF] Pipe server started
2026-05-21 13:59:29.256 +05:30 [INF] BLE Manager starting - looking for device: 'Tirth's S25 FE'
2026-05-21 13:59:29.269 +05:30 [INF] Named pipe server waiting for connection on TetherPipe...
2026-05-21 13:59:29.643 +05:30 [INF] BLE scanning started...
2026-05-21 13:59:29.644 +05:30 [INF] All services initialized. Starting host...
2026-05-21 13:59:29.655 +05:30 [INF] Tether Communication Service started successfully
2026-05-21 13:59:29.658 +05:30 [INF] 🔍 DEVICE FOUND: Name='Tirth's S25 FE', ID=BluetoothLE#BluetoothLE0c:9a:3c:45:78:05-a0:1b:9e:b2:66:cf
2026-05-21 13:59:29.683 +05:30 [INF]   Is Connectable: False
2026-05-21 13:59:29.769 +05:30 [INF] 🔍 DEVICE FOUND: Name='', ID=BluetoothLE#BluetoothLE0c:9a:3c:45:78:05-3e:5a:33:25:cf:d1
2026-05-21 13:59:29.771 +05:30 [INF]   Is Connectable: True
2026-05-21 13:59:29.772 +05:30 [INF]   ❌ Not target device, ignoring
2026-05-21 13:59:29.923 +05:30 [INF] 🔍 DEVICE FOUND: Name='', ID=BluetoothLE#BluetoothLE0c:9a:3c:45:78:05-0d:b2:be:89:07:39
2026-05-21 13:59:29.925 +05:30 [INF]   Is Connectable: True
2026-05-21 13:59:29.925 +05:30 [INF]   ❌ Not target device, ignoring
2026-05-21 13:59:30.009 +05:30 [INF] 🔍 DEVICE FOUND: Name='', ID=BluetoothLE#BluetoothLE0c:9a:3c:45:78:05-75:99:3e:39:fb:7e
2026-05-21 13:59:30.010 +05:30 [INF]   Is Connectable: True
2026-05-21 13:59:30.011 +05:30 [INF]   ❌ Not target device, ignoring
2026-05-21 13:59:59.658 +05:30 [INF] Device enumeration completed - continuing to listen for new devices
2026-05-21 14:01:57.128 +05:30 [INF] 🔍 DEVICE FOUND: Name='', ID=BluetoothLE#BluetoothLE0c:9a:3c:45:78:05-6d:a8:d7:18:2d:19
2026-05-21 14:01:57.130 +05:30 [INF]   Is Connectable: True
2026-05-21 14:01:57.131 +05:30 [INF]   ❌ Not target device, ignoring
2026-05-21 14:01:59.656 +05:30 [INF] Device removed: BluetoothLE#BluetoothLE0c:9a:3c:45:78:05-a0:1b:9e:b2:66:cf
2026-05-21 14:02:02.546 +05:30 [INF] 🔍 DEVICE FOUND: Name='Tirth's S25 FE', ID=BluetoothLE#BluetoothLE0c:9a:3c:45:78:05-6a:2e:72:d2:99:a2
2026-05-21 14:02:02.548 +05:30 [INF]   Is Connectable: True
2026-05-21 14:02:02.549 +05:30 [INF]   Checking name match: 'Tirth's S25 FE' contains 'Tirth's S25 FE'?
2026-05-21 14:02:02.550 +05:30 [INF]   ✅ NAME MATCHED! Found target device: 'Tirth's S25 FE'
2026-05-21 14:02:02.551 +05:30 [INF] 🎯 CONNECTING to Tirth's S25 FE...
2026-05-21 14:02:02.556 +05:30 [INF] Connecting to device: BluetoothLE#BluetoothLE0c:9a:3c:45:78:05-6a:2e:72:d2:99:a2
2026-05-21 14:02:02.628 +05:30 [INF] Device name: Tirth's S25 FE
2026-05-21 14:02:02.631 +05:30 [INF] Device connection status: Disconnected
2026-05-21 14:02:02.641 +05:30 [INF] Device access status: Allowed
2026-05-21 14:02:02.642 +05:30 [INF] Discovering GATT services...
2026-05-21 14:02:03.349 +05:30 [INF] Connection status changed: Connected
2026-05-21 14:02:03.350 +05:30 [INF] Device reconnected!
2026-05-21 14:02:03.351 +05:30 [INF] RSSI monitoring started
2026-05-21 14:02:03.583 +05:30 [INF] Connection status changed: Disconnected
2026-05-21 14:02:03.585 +05:30 [WRN] Handling disconnection...
2026-05-21 14:02:03.586 +05:30 [INF] RSSI and connection monitoring stopped
2026-05-21 14:02:03.589 +05:30 [INF] TrustStateManager received event: PHONE_DISCONNECTED
2026-05-21 14:02:03.590 +05:30 [WRN] Enforcing lockdown due to TRUST_LOST
2026-05-21 14:02:03.591 +05:30 [INF] TrustStateManager received event: TRUST_LOST
2026-05-21 14:02:03.592 +05:30 [WRN] Trust lost – enforcement will lock
2026-05-21 14:02:03.593 +05:30 [INF] Trust state changed to LIMITED
2026-05-21 14:02:03.593 +05:30 [ERR] 🔒 Device disconnected - LOCKING WORKSTATION!
2026-05-21 14:02:04.538 +05:30 [INF] Connection status changed: Connected
2026-05-21 14:02:04.539 +05:30 [INF] Device reconnected!
2026-05-21 14:02:04.540 +05:30 [INF] RSSI monitoring started
2026-05-21 14:02:06.184 +05:30 [INF] ✅ Successfully connected! Found 10 services
2026-05-21 14:02:06.191 +05:30 [INF] TrustStateManager received event: PHONE_CONNECTED
2026-05-21 14:02:06.192 +05:30 [INF] TrustStateManager received event: TRUST_RESTORED
2026-05-21 14:02:06.192 +05:30 [INF] Trust state changed to TRUSTED
2026-05-21 14:02:06.193 +05:30 [INF] RSSI monitoring started
2026-05-21 14:02:06.194 +05:30 [INF] Connection monitoring started
2026-05-21 14:02:08.211 +05:30 [INF] 📊 Average RSSI: -50 dBm
2026-05-21 14:02:10.708 +05:30 [INF] 📊 Average RSSI: -53 dBm
2026-05-21 14:02:13.198 +05:30 [INF] 📊 Average RSSI: -52 dBm
2026-05-21 14:02:15.698 +05:30 [INF] 📊 Average RSSI: -52 dBm
2026-05-21 14:02:18.219 +05:30 [INF] 📊 Average RSSI: -52 dBm
2026-05-21 14:02:20.709 +05:30 [INF] 📊 Average RSSI: -50 dBm
2026-05-21 14:02:23.203 +05:30 [INF] 📊 Average RSSI: -53 dBm
2026-05-21 14:02:25.694 +05:30 [INF] 📊 Average RSSI: -49 dBm
2026-05-21 14:02:28.203 +05:30 [INF] 📊 Average RSSI: -49 dBm
2026-05-21 14:02:30.696 +05:30 [INF] 📊 Average RSSI: -45 dBm
2026-05-21 14:02:33.209 +05:30 [INF] 📊 Average RSSI: -45 dBm
2026-05-21 14:02:34.657 +05:30 [INF] Device removed: BluetoothLE#BluetoothLE0c:9a:3c:45:78:05-6d:a8:d7:18:2d:19
2026-05-21 14:02:35.698 +05:30 [INF] 📊 Average RSSI: -47 dBm
2026-05-21 14:02:38.199 +05:30 [INF] 📊 Average RSSI: -58 dBm
2026-05-21 14:02:40.696 +05:30 [INF] 📊 Average RSSI: -56 dBm
2026-05-21 14:02:43.198 +05:30 [INF] 📊 Average RSSI: -58 dBm
2026-05-21 14:02:45.708 +05:30 [INF] 📊 Average RSSI: -56 dBm
2026-05-21 14:02:48.200 +05:30 [INF] 📊 Average RSSI: -48 dBm
2026-05-21 14:02:50.701 +05:30 [INF] 📊 Average RSSI: -38 dBm
2026-05-21 14:02:53.197 +05:30 [INF] 📊 Average RSSI: -44 dBm
2026-05-21 14:02:55.706 +05:30 [INF] 📊 Average RSSI: -39 dBm
2026-05-21 14:02:58.204 +05:30 [INF] 📊 Average RSSI: -45 dBm
2026-05-21 14:03:00.536 +05:30 [INF] 🔍 DEVICE FOUND: Name='', ID=BluetoothLE#BluetoothLE0c:9a:3c:45:78:05-30:c6:3f:e2:8d:44
2026-05-21 14:03:00.537 +05:30 [INF]   Is Connectable: True
2026-05-21 14:03:00.537 +05:30 [INF]   ❌ Not target device, ignoring
2026-05-21 14:03:00.708 +05:30 [INF] 📊 Average RSSI: -65 dBm
2026-05-21 14:03:00.838 +05:30 [INF] 🔍 DEVICE FOUND: Name='', ID=BluetoothLE#BluetoothLE0c:9a:3c:45:78:05-1f:53:02:c4:82:f9
2026-05-21 14:03:00.839 +05:30 [INF]   Is Connectable: True
2026-05-21 14:03:00.840 +05:30 [INF]   ❌ Not target device, ignoring
2026-05-21 14:03:03.197 +05:30 [INF] 📊 Average RSSI: -68 dBm
2026-05-21 14:03:04.657 +05:30 [INF] Device removed: BluetoothLE#BluetoothLE0c:9a:3c:45:78:05-0d:b2:be:89:07:39
2026-05-21 14:03:05.704 +05:30 [INF] 📊 Average RSSI: -69 dBm
2026-05-21 14:03:08.206 +05:30 [INF] 📊 Average RSSI: -66 dBm
2026-05-21 14:03:09.670 +05:30 [INF] Device removed: BluetoothLE#BluetoothLE0c:9a:3c:45:78:05-3e:5a:33:25:cf:d1
2026-05-21 14:03:10.702 +05:30 [INF] 📊 Average RSSI: -59 dBm
2026-05-21 14:03:13.196 +05:30 [INF] 📊 Average RSSI: -63 dBm
2026-05-21 14:03:15.703 +05:30 [INF] 📊 Average RSSI: -68 dBm
2026-05-21 14:03:18.210 +05:30 [INF] 📊 Average RSSI: -65 dBm
2026-05-21 14:03:20.699 +05:30 [INF] 📊 Average RSSI: -65 dBm
2026-05-21 14:03:23.199 +05:30 [INF] 📊 Average RSSI: -67 dBm
2026-05-21 14:03:25.705 +05:30 [INF] 📊 Average RSSI: -64 dBm
2026-05-21 14:03:28.199 +05:30 [INF] 📊 Average RSSI: -59 dBm
2026-05-21 14:03:30.694 +05:30 [INF] 📊 Average RSSI: -62 dBm
2026-05-21 14:03:33.195 +05:30 [INF] 📊 Average RSSI: -62 dBm
2026-05-21 14:03:35.700 +05:30 [INF] 📊 Average RSSI: -61 dBm
2026-05-21 14:03:38.203 +05:30 [INF] 📊 Average RSSI: -60 dBm
2026-05-21 14:03:40.697 +05:30 [INF] 📊 Average RSSI: -60 dBm
2026-05-21 14:03:43.208 +05:30 [INF] 📊 Average RSSI: -67 dBm
2026-05-21 14:03:45.702 +05:30 [INF] 📊 Average RSSI: -54 dBm
2026-05-21 14:03:48.208 +05:30 [INF] 📊 Average RSSI: -53 dBm
2026-05-21 14:03:50.699 +05:30 [INF] 📊 Average RSSI: -46 dBm
2026-05-21 14:03:53.204 +05:30 [INF] 📊 Average RSSI: -64 dBm
2026-05-21 14:03:55.703 +05:30 [INF] 📊 Average RSSI: -69 dBm
2026-05-21 14:03:58.209 +05:30 [INF] 📊 Average RSSI: -66 dBm
2026-05-21 14:04:00.708 +05:30 [INF] 📊 Average RSSI: -68 dBm
2026-05-21 14:04:03.197 +05:30 [INF] 📊 Average RSSI: -68 dBm
2026-05-21 14:04:05.699 +05:30 [INF] 📊 Average RSSI: -66 dBm
2026-05-21 14:04:08.195 +05:30 [INF] 📊 Average RSSI: -65 dBm
2026-05-21 14:04:10.697 +05:30 [INF] 📊 Average RSSI: -77 dBm
2026-05-21 14:04:10.698 +05:30 [WRN] ⚠️ Signal weak: -77 dBm
2026-05-21 14:04:10.700 +05:30 [INF] TrustStateManager received event: TRUST_DEGRADED
2026-05-21 14:04:10.701 +05:30 [WRN] Trust degraded due to proximity
2026-05-21 14:04:13.197 +05:30 [INF] 📊 Average RSSI: -71 dBm
2026-05-21 14:04:15.700 +05:30 [INF] 📊 Average RSSI: -75 dBm
2026-05-21 14:04:15.701 +05:30 [WRN] ⚠️ Signal weak: -75 dBm
2026-05-21 14:04:15.702 +05:30 [INF] TrustStateManager received event: TRUST_DEGRADED
2026-05-21 14:04:18.206 +05:30 [INF] 📊 Average RSSI: -64 dBm
2026-05-21 14:04:20.708 +05:30 [INF] 📊 Average RSSI: -81 dBm
2026-05-21 14:04:20.708 +05:30 [WRN] ⚠️ Signal weak: -81 dBm
2026-05-21 14:04:20.709 +05:30 [INF] TrustStateManager received event: TRUST_DEGRADED
2026-05-21 14:04:23.201 +05:30 [INF] 📊 Average RSSI: -78 dBm
2026-05-21 14:04:23.202 +05:30 [WRN] ⚠️ Signal weak: -78 dBm
2026-05-21 14:04:23.203 +05:30 [INF] TrustStateManager received event: TRUST_DEGRADED
2026-05-21 14:04:25.697 +05:30 [INF] 📊 Average RSSI: -75 dBm
2026-05-21 14:04:28.205 +05:30 [INF] 📊 Average RSSI: -62 dBm
2026-05-21 14:04:30.700 +05:30 [INF] 📊 Average RSSI: -57 dBm
2026-05-21 14:04:33.206 +05:30 [INF] 📊 Average RSSI: -60 dBm
2026-05-21 14:04:35.701 +05:30 [INF] 📊 Average RSSI: -65 dBm
2026-05-21 14:04:38.203 +05:30 [INF] 📊 Average RSSI: -68 dBm
2026-05-21 14:04:40.707 +05:30 [INF] 📊 Average RSSI: -69 dBm
2026-05-21 14:04:43.201 +05:30 [INF] 📊 Average RSSI: -63 dBm
2026-05-21 14:04:45.697 +05:30 [INF] 📊 Average RSSI: -64 dBm
2026-05-21 14:04:48.196 +05:30 [INF] 📊 Average RSSI: -66 dBm
2026-05-21 14:04:50.705 +05:30 [INF] 📊 Average RSSI: -74 dBm
2026-05-21 14:04:53.201 +05:30 [INF] 📊 Average RSSI: -79 dBm
2026-05-21 14:04:53.202 +05:30 [WRN] ⚠️ Signal weak: -79 dBm
2026-05-21 14:04:53.203 +05:30 [INF] TrustStateManager received event: TRUST_DEGRADED
2026-05-21 14:04:55.702 +05:30 [INF] 📊 Average RSSI: -79 dBm
2026-05-21 14:04:55.702 +05:30 [WRN] ⚠️ Signal weak: -79 dBm
2026-05-21 14:04:55.703 +05:30 [INF] TrustStateManager received event: TRUST_DEGRADED
2026-05-21 14:04:58.201 +05:30 [INF] 📊 Average RSSI: -82 dBm
2026-05-21 14:04:58.201 +05:30 [WRN] ⚠️ Signal weak: -82 dBm
2026-05-21 14:04:58.202 +05:30 [INF] TrustStateManager received event: TRUST_DEGRADED
2026-05-21 14:05:00.701 +05:30 [INF] 📊 Average RSSI: -82 dBm
2026-05-21 14:05:00.701 +05:30 [WRN] ⚠️ Signal weak: -82 dBm
2026-05-21 14:05:00.702 +05:30 [INF] TrustStateManager received event: TRUST_DEGRADED
2026-05-21 14:05:03.206 +05:30 [INF] 📊 Average RSSI: -86 dBm
2026-05-21 14:05:03.206 +05:30 [ERR] 🔒 SIGNAL LOST: -86 dBm <= -85. LOCKING WORKSTATION!
2026-05-21 14:05:03.207 +05:30 [WRN] Enforcing lockdown due to TRUST_LOST
2026-05-21 14:05:03.208 +05:30 [INF] TrustStateManager received event: TRUST_LOST
2026-05-21 14:05:03.208 +05:30 [WRN] Trust lost – enforcement will lock
2026-05-21 14:05:03.209 +05:30 [WRN] Panic mode activated!
2026-05-21 14:05:03.210 +05:30 [WRN] Enforcing lockdown due to PANIC_TRIGGERED
2026-05-21 14:05:03.210 +05:30 [INF] TrustStateManager received event: PANIC_TRIGGERED
2026-05-21 14:05:03.211 +05:30 [WRN] PANIC mode activated
2026-05-21 14:05:05.707 +05:30 [INF] 📊 Average RSSI: -87 dBm
2026-05-21 14:05:08.199 +05:30 [INF] 📊 Average RSSI: -87 dBm
2026-05-21 14:05:09.666 +05:30 [INF] Device removed: BluetoothLE#BluetoothLE0c:9a:3c:45:78:05-1f:53:02:c4:82:f9
2026-05-21 14:05:09.667 +05:30 [INF] Device removed: BluetoothLE#BluetoothLE0c:9a:3c:45:78:05-30:c6:3f:e2:8d:44
2026-05-21 14:05:10.457 +05:30 [INF] 🔍 DEVICE FOUND: Name='', ID=BluetoothLE#BluetoothLE0c:9a:3c:45:78:05-30:c6:3f:e2:8d:44
2026-05-21 14:05:10.458 +05:30 [INF]   Is Connectable: True
2026-05-21 14:05:10.459 +05:30 [INF]   ❌ Not target device, ignoring
2026-05-21 14:05:10.699 +05:30 [INF] 📊 Average RSSI: -86 dBm
2026-05-21 14:05:11.615 +05:30 [INF] 🔍 DEVICE FOUND: Name='', ID=BluetoothLE#BluetoothLE0c:9a:3c:45:78:05-1f:53:02:c4:82:f9
2026-05-21 14:05:11.616 +05:30 [INF]   Is Connectable: True
2026-05-21 14:05:11.616 +05:30 [INF]   ❌ Not target device, ignoring
2026-05-21 14:05:13.199 +05:30 [INF] 📊 Average RSSI: -75 dBm
2026-05-21 14:05:13.745 +05:30 [INF] 🔍 DEVICE FOUND: Name='', ID=BluetoothLE#BluetoothLE0c:9a:3c:45:78:05-2c:be:eb:bf:37:a4
2026-05-21 14:05:13.746 +05:30 [INF]   Is Connectable: True
2026-05-21 14:05:13.747 +05:30 [INF]   ❌ Not target device, ignoring
2026-05-21 14:05:15.709 +05:30 [INF] 📊 Average RSSI: -62 dBm
2026-05-21 14:05:18.210 +05:30 [INF] 📊 Average RSSI: -51 dBm
2026-05-21 14:05:18.211 +05:30 [INF] ✅ Signal restored: -51 dBm
2026-05-21 14:05:18.212 +05:30 [INF] TrustStateManager received event: TRUST_RESTORED
2026-05-21 14:05:20.709 +05:30 [INF] 📊 Average RSSI: -53 dBm
2026-05-21 14:05:23.203 +05:30 [INF] 📊 Average RSSI: -51 dBm
2026-05-21 14:05:24.670 +05:30 [INF] Device removed: BluetoothLE#BluetoothLE0c:9a:3c:45:78:05-2c:be:eb:bf:37:a4
2026-05-21 14:05:25.697 +05:30 [INF] 📊 Average RSSI: -52 dBm
2026-05-21 14:05:28.200 +05:30 [INF] 📊 Average RSSI: -52 dBm
2026-05-21 14:05:30.701 +05:30 [INF] 📊 Average RSSI: -54 dBm
2026-05-21 14:05:33.204 +05:30 [INF] 📊 Average RSSI: -54 dBm
2026-05-21 14:05:35.709 +05:30 [INF] 📊 Average RSSI: -54 dBm
2026-05-21 14:05:38.203 +05:30 [INF] 📊 Average RSSI: -51 dBm
2026-05-21 14:05:40.695 +05:30 [INF] 📊 Average RSSI: -52 dBm
2026-05-21 14:05:43.206 +05:30 [INF] 📊 Average RSSI: -50 dBm
2026-05-21 14:05:45.696 +05:30 [INF] 📊 Average RSSI: -49 dBm
2026-05-21 14:05:48.196 +05:30 [INF] 📊 Average RSSI: -52 dBm
2026-05-21 14:05:50.701 +05:30 [INF] 📊 Average RSSI: -49 dBm
2026-05-21 14:05:53.197 +05:30 [INF] 📊 Average RSSI: -47 dBm
2026-05-21 14:05:55.708 +05:30 [INF] 📊 Average RSSI: -48 dBm
2026-05-21 14:05:57.694 +05:30 [INF] 🔍 DEVICE FOUND: Name='', ID=BluetoothLE#BluetoothLE0c:9a:3c:45:78:05-76:2b:aa:49:12:6a
2026-05-21 14:05:57.696 +05:30 [INF]   Is Connectable: True
2026-05-21 14:05:57.696 +05:30 [INF]   ❌ Not target device, ignoring
2026-05-21 14:05:58.204 +05:30 [INF] 📊 Average RSSI: -53 dBm
2026-05-21 14:06:00.701 +05:30 [INF] 📊 Average RSSI: -53 dBm
2026-05-21 14:06:03.204 +05:30 [INF] 📊 Average RSSI: -52 dBm
2026-05-21 14:06:05.702 +05:30 [INF] 📊 Average RSSI: -55 dBm
2026-05-21 14:06:08.209 +05:30 [INF] 📊 Average RSSI: -53 dBm
2026-05-21 14:06:09.659 +05:30 [INF] Device removed: BluetoothLE#BluetoothLE0c:9a:3c:45:78:05-76:2b:aa:49:12:6a
2026-05-21 14:06:10.701 +05:30 [INF] 📊 Average RSSI: -55 dBm
2026-05-21 14:06:12.246 +05:30 [INF] 🔍 DEVICE FOUND: Name='', ID=BluetoothLE#BluetoothLE0c:9a:3c:45:78:05-76:2b:aa:49:12:6a
2026-05-21 14:06:12.247 +05:30 [INF]   Is Connectable: True
2026-05-21 14:06:12.247 +05:30 [INF]   ❌ Not target device, ignoring
2026-05-21 14:06:13.194 +05:30 [INF] 📊 Average RSSI: -52 dBm
2026-05-21 14:06:15.705 +05:30 [INF] 📊 Average RSSI: -44 dBm
2026-05-21 14:06:18.199 +05:30 [INF] 📊 Average RSSI: -39 dBm
2026-05-21 14:06:20.706 +05:30 [INF] 📊 Average RSSI: -40 dBm
2026-05-21 14:06:23.197 +05:30 [INF] 📊 Average RSSI: -55 dBm
2026-05-21 14:06:24.660 +05:30 [INF] Device removed: BluetoothLE#BluetoothLE0c:9a:3c:45:78:05-76:2b:aa:49:12:6a
2026-05-21 14:06:25.704 +05:30 [INF] 📊 Average RSSI: -54 dBm
2026-05-21 14:06:28.201 +05:30 [INF] 📊 Average RSSI: -53 dBm
2026-05-21 14:06:30.705 +05:30 [INF] 📊 Average RSSI: -53 dBm
2026-05-21 14:06:33.194 +05:30 [INF] 📊 Average RSSI: -53 dBm
2026-05-21 14:06:33.968 +05:30 [INF] 🔍 DEVICE FOUND: Name='', ID=BluetoothLE#BluetoothLE0c:9a:3c:45:78:05-76:2b:aa:49:12:6a
2026-05-21 14:06:33.969 +05:30 [INF]   Is Connectable: True
2026-05-21 14:06:33.969 +05:30 [INF]   ❌ Not target device, ignoring
2026-05-21 14:06:34.670 +05:30 [INF] Device removed: BluetoothLE#BluetoothLE0c:9a:3c:45:78:05-6a:2e:72:d2:99:a2
2026-05-21 14:06:34.670 +05:30 [WRN] Target device removed from enumeration
2026-05-21 14:06:34.671 +05:30 [WRN] Handling disconnection...
2026-05-21 14:06:34.671 +05:30 [INF] RSSI and connection monitoring stopped
2026-05-21 14:06:34.672 +05:30 [INF] TrustStateManager received event: PHONE_DISCONNECTED
2026-05-21 14:06:34.673 +05:30 [WRN] Enforcing lockdown due to TRUST_LOST
2026-05-21 14:06:34.674 +05:30 [INF] TrustStateManager received event: TRUST_LOST
2026-05-21 14:06:34.674 +05:30 [WRN] Trust lost – enforcement will lock
2026-05-21 14:06:34.675 +05:30 [INF] Trust state changed to LIMITED
2026-05-21 14:06:34.675 +05:30 [ERR] 🔒 Device disconnected - LOCKING WORKSTATION!
2026-05-21 14:06:34.676 +05:30 [INF] Attempting to reconnect (1/5)...
2026-05-21 14:06:44.657 +05:30 [INF] Device removed: BluetoothLE#BluetoothLE0c:9a:3c:45:78:05-76:2b:aa:49:12:6a
2026-05-21 14:06:46.056 +05:30 [INF] 🔍 DEVICE FOUND: Name='', ID=BluetoothLE#BluetoothLE0c:9a:3c:45:78:05-76:2b:aa:49:12:6a
2026-05-21 14:06:46.057 +05:30 [INF]   Is Connectable: True
2026-05-21 14:06:46.058 +05:30 [INF]   ❌ Not target device, ignoring
2026-05-21 14:06:54.669 +05:30 [INF] Device removed: BluetoothLE#BluetoothLE0c:9a:3c:45:78:05-76:2b:aa:49:12:6a
2026-05-21 14:07:15.562 +05:30 [INF] 🔍 DEVICE FOUND: Name='', ID=BluetoothLE#BluetoothLE0c:9a:3c:45:78:05-6a:37:91:b2:1e:8a
2026-05-21 14:07:15.563 +05:30 [INF]   Is Connectable: True
2026-05-21 14:07:15.564 +05:30 [INF]   ❌ Not target device, ignoring
2026-05-21 14:07:16.445 +05:30 [INF] 🔍 DEVICE FOUND: Name='Watch Pro', ID=BluetoothLE#BluetoothLE0c:9a:3c:45:78:05-2c:be:eb:bf:37:a4
2026-05-21 14:07:16.446 +05:30 [INF]   Is Connectable: True
2026-05-21 14:07:16.447 +05:30 [INF]   Checking name match: 'Watch Pro' contains 'Tirth's S25 FE'?
2026-05-21 14:07:16.447 +05:30 [INF]   ❌ Not target device, ignoring
2026-05-21 14:07:19.665 +05:30 [INF] Device removed: BluetoothLE#BluetoothLE0c:9a:3c:45:78:05-1f:53:02:c4:82:f9
2026-05-21 14:07:19.666 +05:30 [INF] Device removed: BluetoothLE#BluetoothLE0c:9a:3c:45:78:05-30:c6:3f:e2:8d:44
2026-05-21 14:07:20.089 +05:30 [INF] Connection status changed: Disconnected
2026-05-21 14:07:20.089 +05:30 [INF] 🔍 DEVICE FOUND: Name='Tirth's S25 FE', ID=BluetoothLE#BluetoothLE0c:9a:3c:45:78:05-6a:2e:72:d2:99:a2
2026-05-21 14:07:20.090 +05:30 [INF]   Is Connectable: False
2026-05-21 14:07:24.656 +05:30 [INF] Device removed: BluetoothLE#BluetoothLE0c:9a:3c:45:78:05-75:99:3e:39:fb:7e
2026-05-21 14:07:29.655 +05:30 [INF] Device removed: BluetoothLE#BluetoothLE0c:9a:3c:45:78:05-6a:2e:72:d2:99:a2
2026-05-21 14:07:29.656 +05:30 [WRN] Target device removed from enumeration
2026-05-21 14:07:29.657 +05:30 [INF] Device removed: BluetoothLE#BluetoothLE0c:9a:3c:45:78:05-6a:37:91:b2:1e:8a
2026-05-21 14:08:03.006 +05:30 [INF] 🔍 DEVICE FOUND: Name='', ID=BluetoothLE#BluetoothLE0c:9a:3c:45:78:05-34:cd:ab:91:be:8a
2026-05-21 14:08:03.007 +05:30 [INF]   Is Connectable: True
2026-05-21 14:08:03.007 +05:30 [INF]   ❌ Not target device, ignoring
2026-05-21 14:08:03.856 +05:30 [INF] 🔍 DEVICE FOUND: Name='', ID=BluetoothLE#BluetoothLE0c:9a:3c:45:78:05-16:ed:93:a6:0a:5a
2026-05-21 14:08:03.857 +05:30 [INF]   Is Connectable: True
2026-05-21 14:08:03.857 +05:30 [INF]   ❌ Not target device, ignoring
2026-05-21 14:08:07.719 +05:30 [INF] 🔍 DEVICE FOUND: Name='', ID=BluetoothLE#BluetoothLE0c:9a:3c:45:78:05-00:a1:c3:1b:40:56
2026-05-21 14:08:07.720 +05:30 [INF]   Is Connectable: True
2026-05-21 14:08:07.720 +05:30 [INF]   ❌ Not target device, ignoring
2026-05-21 14:08:07.975 +05:30 [INF] 🔍 DEVICE FOUND: Name='', ID=BluetoothLE#BluetoothLE0c:9a:3c:45:78:05-13:3f:a7:bb:b1:58
2026-05-21 14:08:07.976 +05:30 [INF]   Is Connectable: True
2026-05-21 14:08:07.976 +05:30 [INF]   ❌ Not target device, ignoring
2026-05-21 14:08:08.890 +05:30 [INF] 🔍 DEVICE FOUND: Name='Tirth's S25 FE', ID=BluetoothLE#BluetoothLE0c:9a:3c:45:78:05-7b:bc:f6:3f:55:e7
2026-05-21 14:08:08.891 +05:30 [INF]   Is Connectable: True
2026-05-21 14:08:08.891 +05:30 [INF]   Checking name match: 'Tirth's S25 FE' contains 'Tirth's S25 FE'?
2026-05-21 14:08:08.892 +05:30 [INF]   ✅ NAME MATCHED! Found target device: 'Tirth's S25 FE'
2026-05-21 14:08:08.892 +05:30 [INF] 🎯 CONNECTING to Tirth's S25 FE...
2026-05-21 14:08:08.893 +05:30 [INF] Connecting to device: BluetoothLE#BluetoothLE0c:9a:3c:45:78:05-7b:bc:f6:3f:55:e7
2026-05-21 14:08:08.908 +05:30 [INF] Device name: Tirth's S25 FE
2026-05-21 14:08:08.908 +05:30 [INF] Device connection status: Disconnected
2026-05-21 14:08:08.909 +05:30 [INF] Device access status: Allowed
2026-05-21 14:08:08.909 +05:30 [INF] Discovering GATT services...
2026-05-21 14:08:09.295 +05:30 [INF] Connection status changed: Connected
2026-05-21 14:08:09.296 +05:30 [INF] Device reconnected!
2026-05-21 14:08:09.297 +05:30 [INF] RSSI monitoring started
2026-05-21 14:08:09.670 +05:30 [INF] Device removed: BluetoothLE#BluetoothLE0c:9a:3c:45:78:05-34:cd:ab:91:be:8a
2026-05-21 14:08:10.148 +05:30 [INF] 🔍 DEVICE FOUND: Name='', ID=BluetoothLE#BluetoothLE0c:9a:3c:45:78:05-1e:08:7d:75:8b:0a
2026-05-21 14:08:10.149 +05:30 [INF]   Is Connectable: True
2026-05-21 14:08:10.150 +05:30 [INF]   ❌ Not target device, ignoring
2026-05-21 14:08:10.153 +05:30 [INF] 🔍 DEVICE FOUND: Name='', ID=BluetoothLE#BluetoothLE0c:9a:3c:45:78:05-03:28:07:05:ae:f6
2026-05-21 14:08:10.154 +05:30 [INF]   Is Connectable: True
2026-05-21 14:08:10.154 +05:30 [INF]   ❌ Not target device, ignoring
2026-05-21 14:08:10.928 +05:30 [INF] ✅ Successfully connected! Found 10 services
2026-05-21 14:08:10.929 +05:30 [INF] TrustStateManager received event: PHONE_CONNECTED
2026-05-21 14:08:10.930 +05:30 [INF] TrustStateManager received event: TRUST_RESTORED
2026-05-21 14:08:10.930 +05:30 [INF] Trust state changed to TRUSTED
2026-05-21 14:08:10.931 +05:30 [INF] RSSI monitoring started
2026-05-21 14:08:10.932 +05:30 [INF] Connection monitoring started
2026-05-21 14:08:12.933 +05:30 [INF] 📊 Average RSSI: -54 dBm
2026-05-21 14:08:14.656 +05:30 [INF] Device removed: BluetoothLE#BluetoothLE0c:9a:3c:45:78:05-00:a1:c3:1b:40:56
2026-05-21 14:08:14.657 +05:30 [INF] Device removed: BluetoothLE#BluetoothLE0c:9a:3c:45:78:05-16:ed:93:a6:0a:5a
2026-05-21 14:08:14.658 +05:30 [INF] Device removed: BluetoothLE#BluetoothLE0c:9a:3c:45:78:05-2c:be:eb:bf:37:a4
2026-05-21 14:08:15.435 +05:30 [INF] 📊 Average RSSI: -58 dBm
2026-05-21 14:08:17.942 +05:30 [INF] 📊 Average RSSI: -56 dBm
2026-05-21 14:08:19.660 +05:30 [INF] Device removed: BluetoothLE#BluetoothLE0c:9a:3c:45:78:05-13:3f:a7:bb:b1:58
2026-05-21 14:08:20.439 +05:30 [INF] 📊 Average RSSI: -59 dBm
2026-05-21 14:08:22.939 +05:30 [INF] 📊 Average RSSI: -52 dBm
2026-05-21 14:08:25.439 +05:30 [INF] 📊 Average RSSI: -52 dBm
2026-05-21 14:08:27.941 +05:30 [INF] 📊 Average RSSI: -54 dBm
2026-05-21 14:08:30.437 +05:30 [INF] 📊 Average RSSI: -57 dBm
2026-05-21 14:08:32.938 +05:30 [INF] 📊 Average RSSI: -55 dBm
2026-05-21 14:08:35.442 +05:30 [INF] 📊 Average RSSI: -62 dBm
2026-05-21 14:08:37.939 +05:30 [INF] 📊 Average RSSI: -61 dBm
2026-05-21 14:08:40.439 +05:30 [INF] 📊 Average RSSI: -59 dBm
2026-05-21 14:08:42.940 +05:30 [INF] 📊 Average RSSI: -59 dBm
2026-05-21 14:08:45.437 +05:30 [INF] 📊 Average RSSI: -59 dBm
2026-05-21 14:08:47.938 +05:30 [INF] 📊 Average RSSI: -59 dBm
2026-05-21 14:08:49.660 +05:30 [INF] Device removed: BluetoothLE#BluetoothLE0c:9a:3c:45:78:05-7b:bc:f6:3f:55:e7
2026-05-21 14:08:49.661 +05:30 [WRN] Target device removed from enumeration
2026-05-21 14:08:49.661 +05:30 [WRN] Handling disconnection...
2026-05-21 14:08:49.662 +05:30 [INF] RSSI and connection monitoring stopped
2026-05-21 14:08:49.663 +05:30 [INF] TrustStateManager received event: PHONE_DISCONNECTED
2026-05-21 14:08:49.663 +05:30 [WRN] Enforcing lockdown due to TRUST_LOST
2026-05-21 14:08:49.664 +05:30 [INF] TrustStateManager received event: TRUST_LOST
2026-05-21 14:08:49.664 +05:30 [WRN] Trust lost – enforcement will lock
2026-05-21 14:08:49.665 +05:30 [INF] Trust state changed to LIMITED
2026-05-21 14:08:49.665 +05:30 [ERR] 🔒 Device disconnected - LOCKING WORKSTATION!
2026-05-21 14:08:49.666 +05:30 [INF] Attempting to reconnect (1/5)...
2026-05-21 14:09:07.611 +05:30 [INF] Connection status changed: Disconnected
2026-05-21 14:09:07.611 +05:30 [INF] 🔍 DEVICE FOUND: Name='Tirth's S25 FE', ID=BluetoothLE#BluetoothLE0c:9a:3c:45:78:05-7b:bc:f6:3f:55:e7
2026-05-21 14:09:07.613 +05:30 [INF]   Is Connectable: False
2026-05-21 14:09:08.309 +05:30 [INF] 🔍 DEVICE FOUND: Name='Watch Pro', ID=BluetoothLE#BluetoothLE0c:9a:3c:45:78:05-2c:be:eb:bf:37:a4
2026-05-21 14:09:08.309 +05:30 [INF]   Is Connectable: True
2026-05-21 14:09:08.310 +05:30 [INF]   Checking name match: 'Watch Pro' contains 'Tirth's S25 FE'?
2026-05-21 14:09:08.311 +05:30 [INF]   ❌ Not target device, ignoring
2026-05-21 14:09:14.664 +05:30 [INF] Device removed: BluetoothLE#BluetoothLE0c:9a:3c:45:78:05-03:28:07:05:ae:f6
2026-05-21 14:09:14.665 +05:30 [INF] Device removed: BluetoothLE#BluetoothLE0c:9a:3c:45:78:05-1e:08:7d:75:8b:0a
2026-05-21 14:09:14.666 +05:30 [INF] Device removed: BluetoothLE#BluetoothLE0c:9a:3c:45:78:05-7b:bc:f6:3f:55:e7
2026-05-21 14:09:14.666 +05:30 [WRN] Target device removed from enumeration
2026-05-21 14:09:20.835 +05:30 [INF] 🔍 DEVICE FOUND: Name='', ID=BluetoothLE#BluetoothLE0c:9a:3c:45:78:05-54:03:84:6c:5c:44
2026-05-21 14:09:20.837 +05:30 [INF]   Is Connectable: True
2026-05-21 14:09:20.837 +05:30 [INF]   ❌ Not target device, ignoring
2026-05-21 14:09:39.657 +05:30 [INF] Device removed: BluetoothLE#BluetoothLE0c:9a:3c:45:78:05-54:03:84:6c:5c:44
2026-05-21 14:22:39.327 +05:30 [INF] 🔍 DEVICE FOUND: Name='', ID=BluetoothLE#BluetoothLE0c:9a:3c:45:78:05-1f:1b:cc:30:c6:a9
2026-05-21 14:22:39.328 +05:30 [INF]   Is Connectable: True
2026-05-21 14:22:39.329 +05:30 [INF]   ❌ Not target device, ignoring
2026-05-21 14:22:39.330 +05:30 [INF] 🔍 DEVICE FOUND: Name='', ID=BluetoothLE#BluetoothLE0c:9a:3c:45:78:05-08:40:ee:de:5b:c5
2026-05-21 14:22:39.331 +05:30 [INF]   Is Connectable: True
2026-05-21 14:22:39.331 +05:30 [INF]   ❌ Not target device, ignoring
2026-05-21 14:22:44.658 +05:30 [INF] Device removed: BluetoothLE#BluetoothLE0c:9a:3c:45:78:05-2c:be:eb:bf:37:a4
2026-05-21 14:22:45.688 +05:30 [INF] 🔍 DEVICE FOUND: Name='Tirth's S25 FE', ID=BluetoothLE#BluetoothLE0c:9a:3c:45:78:05-74:c6:a8:ff:57:99
2026-05-21 14:22:45.689 +05:30 [INF]   Is Connectable: True
2026-05-21 14:22:45.690 +05:30 [INF]   Checking name match: 'Tirth's S25 FE' contains 'Tirth's S25 FE'?
2026-05-21 14:22:45.691 +05:30 [INF]   ✅ NAME MATCHED! Found target device: 'Tirth's S25 FE'
2026-05-21 14:22:45.691 +05:30 [INF] 🎯 CONNECTING to Tirth's S25 FE...
2026-05-21 14:22:45.692 +05:30 [INF] Connecting to device: BluetoothLE#BluetoothLE0c:9a:3c:45:78:05-74:c6:a8:ff:57:99
2026-05-21 14:22:45.705 +05:30 [INF] Device name: Tirth's S25 FE
2026-05-21 14:22:45.706 +05:30 [INF] Device connection status: Disconnected
2026-05-21 14:22:45.707 +05:30 [INF] Device access status: Allowed
2026-05-21 14:22:45.708 +05:30 [INF] Discovering GATT services...
2026-05-21 14:22:46.389 +05:30 [INF] Connection status changed: Connected
2026-05-21 14:22:46.390 +05:30 [INF] Device reconnected!
2026-05-21 14:22:46.391 +05:30 [INF] RSSI monitoring started
2026-05-21 14:22:48.039 +05:30 [INF] ✅ Successfully connected! Found 10 services
2026-05-21 14:22:48.040 +05:30 [INF] TrustStateManager received event: PHONE_CONNECTED
2026-05-21 14:22:48.040 +05:30 [INF] TrustStateManager received event: TRUST_RESTORED
2026-05-21 14:22:48.041 +05:30 [INF] Trust state changed to TRUSTED
2026-05-21 14:22:48.041 +05:30 [INF] RSSI monitoring started
2026-05-21 14:22:48.042 +05:30 [INF] Connection monitoring started
2026-05-21 14:22:50.051 +05:30 [INF] 📊 Average RSSI: -53 dBm
2026-05-21 14:22:52.547 +05:30 [INF] 📊 Average RSSI: -54 dBm
2026-05-21 14:22:55.048 +05:30 [INF] 📊 Average RSSI: -53 dBm
2026-05-21 14:22:57.549 +05:30 [INF] 📊 Average RSSI: -52 dBm
2026-05-21 14:23:00.053 +05:30 [INF] 📊 Average RSSI: -54 dBm
2026-05-21 14:23:02.550 +05:30 [INF] 📊 Average RSSI: -48 dBm
2026-05-21 14:23:05.046 +05:30 [INF] 📊 Average RSSI: -53 dBm
2026-05-21 14:23:07.546 +05:30 [INF] 📊 Average RSSI: -50 dBm
2026-05-21 14:23:10.051 +05:30 [INF] 📊 Average RSSI: -48 dBm
2026-05-21 14:23:12.549 +05:30 [INF] 📊 Average RSSI: -51 dBm
2026-05-21 14:23:15.047 +05:30 [INF] 📊 Average RSSI: -48 dBm
2026-05-21 14:23:17.548 +05:30 [INF] 📊 Average RSSI: -48 dBm
2026-05-21 14:23:20.049 +05:30 [INF] 📊 Average RSSI: -48 dBm
2026-05-21 14:23:22.548 +05:30 [INF] 📊 Average RSSI: -47 dBm
2026-05-21 14:23:25.045 +05:30 [INF] 📊 Average RSSI: -49 dBm
2026-05-21 14:23:27.552 +05:30 [INF] 📊 Average RSSI: -50 dBm
2026-05-21 14:23:30.047 +05:30 [INF] 📊 Average RSSI: -52 dBm
2026-05-21 14:23:32.549 +05:30 [INF] 📊 Average RSSI: -49 dBm
2026-05-21 14:23:35.052 +05:30 [INF] 📊 Average RSSI: -51 dBm
2026-05-21 14:23:37.551 +05:30 [INF] 📊 Average RSSI: -70 dBm
2026-05-21 14:23:40.051 +05:30 [INF] 📊 Average RSSI: -74 dBm
2026-05-21 14:23:42.547 +05:30 [INF] 📊 Average RSSI: -72 dBm
2026-05-21 14:23:45.044 +05:30 [INF] 📊 Average RSSI: -60 dBm
2026-05-21 14:23:47.549 +05:30 [INF] 📊 Average RSSI: -67 dBm
2026-05-21 14:23:50.049 +05:30 [INF] 📊 Average RSSI: -62 dBm
2026-05-21 14:23:52.547 +05:30 [INF] 📊 Average RSSI: -61 dBm
2026-05-21 14:23:55.048 +05:30 [INF] 📊 Average RSSI: -64 dBm
2026-05-21 14:23:57.542 +05:30 [INF] 📊 Average RSSI: -60 dBm
2026-05-21 14:24:00.047 +05:30 [INF] 📊 Average RSSI: -60 dBm
2026-05-21 14:24:02.544 +05:30 [INF] 📊 Average RSSI: -59 dBm
2026-05-21 14:24:05.049 +05:30 [INF] 📊 Average RSSI: -59 dBm
2026-05-21 14:24:07.552 +05:30 [INF] 📊 Average RSSI: -60 dBm
2026-05-21 14:24:10.048 +05:30 [INF] 📊 Average RSSI: -62 dBm
2026-05-21 14:24:12.552 +05:30 [INF] 📊 Average RSSI: -67 dBm
2026-05-21 14:24:15.048 +05:30 [INF] 📊 Average RSSI: -67 dBm
2026-05-21 14:24:17.548 +05:30 [INF] 📊 Average RSSI: -68 dBm
2026-05-21 14:24:20.050 +05:30 [INF] 📊 Average RSSI: -67 dBm
2026-05-21 14:24:22.551 +05:30 [INF] 📊 Average RSSI: -64 dBm
2026-05-21 14:24:25.050 +05:30 [INF] 📊 Average RSSI: -66 dBm
2026-05-21 14:24:27.549 +05:30 [INF] 📊 Average RSSI: -63 dBm
2026-05-21 14:24:30.047 +05:30 [INF] 📊 Average RSSI: -64 dBm
2026-05-21 14:24:32.552 +05:30 [INF] 📊 Average RSSI: -68 dBm
2026-05-21 14:24:35.053 +05:30 [INF] 📊 Average RSSI: -63 dBm
2026-05-21 14:24:37.550 +05:30 [INF] 📊 Average RSSI: -63 dBm
2026-05-21 14:24:40.047 +05:30 [INF] 📊 Average RSSI: -64 dBm
2026-05-21 14:24:42.550 +05:30 [INF] 📊 Average RSSI: -64 dBm
2026-05-21 14:24:45.050 +05:30 [INF] 📊 Average RSSI: -63 dBm
2026-05-21 14:24:47.550 +05:30 [INF] 📊 Average RSSI: -66 dBm
2026-05-21 14:24:50.048 +05:30 [INF] 📊 Average RSSI: -62 dBm
2026-05-21 14:24:52.553 +05:30 [INF] 📊 Average RSSI: -66 dBm
2026-05-21 14:24:55.046 +05:30 [INF] 📊 Average RSSI: -61 dBm
2026-05-21 14:24:57.549 +05:30 [INF] 📊 Average RSSI: -67 dBm
2026-05-21 14:25:00.054 +05:30 [INF] 📊 Average RSSI: -46 dBm
2026-05-21 14:25:02.551 +05:30 [INF] 📊 Average RSSI: -43 dBm
2026-05-21 14:25:05.046 +05:30 [INF] 📊 Average RSSI: -52 dBm
2026-05-21 14:25:07.549 +05:30 [INF] 📊 Average RSSI: -61 dBm
2026-05-21 14:25:10.053 +05:30 [INF] 📊 Average RSSI: -58 dBm
2026-05-21 14:25:12.547 +05:30 [INF] 📊 Average RSSI: -59 dBm
2026-05-21 14:25:15.046 +05:30 [INF] 📊 Average RSSI: -59 dBm
2026-05-21 14:25:17.549 +05:30 [INF] 📊 Average RSSI: -58 dBm
2026-05-21 14:25:20.048 +05:30 [INF] 📊 Average RSSI: -59 dBm
2026-05-21 14:25:22.550 +05:30 [INF] 📊 Average RSSI: -59 dBm
2026-05-21 14:25:25.047 +05:30 [INF] 📊 Average RSSI: -56 dBm
2026-05-21 14:25:27.548 +05:30 [INF] 📊 Average RSSI: -57 dBm
2026-05-21 14:25:30.047 +05:30 [INF] 📊 Average RSSI: -56 dBm
2026-05-21 14:25:32.551 +05:30 [INF] 📊 Average RSSI: -58 dBm
2026-05-21 14:25:35.050 +05:30 [INF] 📊 Average RSSI: -54 dBm
2026-05-21 14:25:37.549 +05:30 [INF] 📊 Average RSSI: -54 dBm
2026-05-21 14:25:40.052 +05:30 [INF] 📊 Average RSSI: -55 dBm
2026-05-21 14:25:42.548 +05:30 [INF] 📊 Average RSSI: -54 dBm
2026-05-21 14:25:45.046 +05:30 [INF] 📊 Average RSSI: -56 dBm
2026-05-21 14:25:47.550 +05:30 [INF] 📊 Average RSSI: -55 dBm
2026-05-21 14:25:50.048 +05:30 [INF] 📊 Average RSSI: -55 dBm
2026-05-21 14:25:52.550 +05:30 [INF] 📊 Average RSSI: -57 dBm
2026-05-21 14:25:55.049 +05:30 [INF] 📊 Average RSSI: -57 dBm
2026-05-21 14:25:57.550 +05:30 [INF] 📊 Average RSSI: -58 dBm
2026-05-21 14:26:00.052 +05:30 [INF] 📊 Average RSSI: -57 dBm
2026-05-21 14:26:02.553 +05:30 [INF] 📊 Average RSSI: -59 dBm
2026-05-21 14:26:04.750 +05:30 [INF] 🔍 DEVICE FOUND: Name='', ID=BluetoothLE#BluetoothLE0c:9a:3c:45:78:05-54:03:84:6c:5c:44
2026-05-21 14:26:04.751 +05:30 [INF]   Is Connectable: True
2026-05-21 14:26:04.752 +05:30 [INF]   ❌ Not target device, ignoring
2026-05-21 14:26:05.052 +05:30 [INF] 📊 Average RSSI: -59 dBm
2026-05-21 14:26:07.548 +05:30 [INF] 📊 Average RSSI: -56 dBm
2026-05-21 14:26:10.053 +05:30 [INF] 📊 Average RSSI: -56 dBm
2026-05-21 14:26:12.551 +05:30 [INF] 📊 Average RSSI: -57 dBm
2026-05-21 14:26:15.050 +05:30 [INF] 📊 Average RSSI: -57 dBm
2026-05-21 14:26:17.547 +05:30 [INF] 📊 Average RSSI: -69 dBm
2026-05-21 14:26:20.047 +05:30 [INF] 📊 Average RSSI: -64 dBm
2026-05-21 14:26:22.553 +05:30 [INF] 📊 Average RSSI: -56 dBm
2026-05-21 14:26:24.670 +05:30 [INF] Device removed: BluetoothLE#BluetoothLE0c:9a:3c:45:78:05-54:03:84:6c:5c:44
2026-05-21 14:26:25.044 +05:30 [INF] 📊 Average RSSI: -63 dBm
2026-05-21 14:26:27.548 +05:30 [INF] 📊 Average RSSI: -47 dBm
2026-05-21 14:26:30.048 +05:30 [INF] 📊 Average RSSI: -44 dBm
2026-05-21 14:26:32.550 +05:30 [INF] 📊 Average RSSI: -43 dBm
2026-05-21 14:26:35.043 +05:30 [INF] 📊 Average RSSI: -62 dBm
2026-05-21 14:26:37.550 +05:30 [INF] 📊 Average RSSI: -61 dBm
2026-05-21 14:26:40.051 +05:30 [INF] 📊 Average RSSI: -57 dBm
2026-05-21 14:26:42.549 +05:30 [INF] 📊 Average RSSI: -58 dBm
2026-05-21 14:26:45.053 +05:30 [INF] 📊 Average RSSI: -59 dBm
2026-05-21 14:26:47.547 +05:30 [INF] 📊 Average RSSI: -51 dBm
2026-05-21 14:26:50.053 +05:30 [INF] 📊 Average RSSI: -51 dBm
2026-05-21 14:26:52.551 +05:30 [INF] 📊 Average RSSI: -51 dBm
2026-05-21 14:26:55.050 +05:30 [INF] 📊 Average RSSI: -45 dBm
2026-05-21 14:26:57.552 +05:30 [INF] 📊 Average RSSI: -39 dBm
2026-05-21 14:27:00.047 +05:30 [INF] 📊 Average RSSI: -41 dBm
2026-05-21 14:27:02.545 +05:30 [INF] 📊 Average RSSI: -62 dBm
2026-05-21 14:27:05.056 +05:30 [INF] 📊 Average RSSI: -58 dBm
2026-05-21 14:27:07.547 +05:30 [INF] 📊 Average RSSI: -55 dBm
2026-05-21 14:27:10.050 +05:30 [INF] 📊 Average RSSI: -55 dBm
2026-05-21 14:27:12.552 +05:30 [INF] 📊 Average RSSI: -56 dBm
2026-05-21 14:27:15.049 +05:30 [INF] 📊 Average RSSI: -64 dBm
2026-05-21 14:27:17.552 +05:30 [INF] 📊 Average RSSI: -63 dBm
2026-05-21 14:27:20.049 +05:30 [INF] 📊 Average RSSI: -61 dBm
2026-05-21 14:27:22.551 +05:30 [INF] 📊 Average RSSI: -59 dBm
2026-05-21 14:27:25.057 +05:30 [INF] 📊 Average RSSI: -55 dBm
2026-05-21 14:27:27.548 +05:30 [INF] 📊 Average RSSI: -59 dBm
2026-05-21 14:27:30.050 +05:30 [INF] 📊 Average RSSI: -59 dBm
2026-05-21 14:27:32.548 +05:30 [INF] 📊 Average RSSI: -53 dBm
2026-05-21 14:27:35.048 +05:30 [INF] 📊 Average RSSI: -51 dBm
2026-05-21 14:27:37.549 +05:30 [INF] 📊 Average RSSI: -52 dBm
2026-05-21 14:27:40.047 +05:30 [INF] 📊 Average RSSI: -51 dBm
2026-05-21 14:27:42.556 +05:30 [INF] 📊 Average RSSI: -51 dBm
2026-05-21 14:27:45.046 +05:30 [INF] 📊 Average RSSI: -54 dBm
2026-05-21 14:27:47.552 +05:30 [INF] 📊 Average RSSI: -59 dBm
2026-05-21 14:27:50.047 +05:30 [INF] 📊 Average RSSI: -59 dBm
2026-05-21 14:27:52.546 +05:30 [INF] 📊 Average RSSI: -62 dBm
2026-05-21 14:27:55.052 +05:30 [INF] 📊 Average RSSI: -60 dBm
2026-05-21 14:27:57.550 +05:30 [INF] 📊 Average RSSI: -52 dBm
2026-05-21 14:28:00.051 +05:30 [INF] 📊 Average RSSI: -56 dBm
2026-05-21 14:28:02.549 +05:30 [INF] 📊 Average RSSI: -61 dBm
2026-05-21 14:28:05.049 +05:30 [INF] 📊 Average RSSI: -59 dBm
2026-05-21 14:28:07.552 +05:30 [INF] 📊 Average RSSI: -61 dBm
2026-05-21 14:28:10.047 +05:30 [INF] 📊 Average RSSI: -59 dBm
2026-05-21 14:28:12.546 +05:30 [INF] 📊 Average RSSI: -58 dBm
2026-05-21 14:28:15.050 +05:30 [INF] 📊 Average RSSI: -60 dBm
2026-05-21 14:28:17.546 +05:30 [INF] 📊 Average RSSI: -60 dBm
2026-05-21 14:28:20.050 +05:30 [INF] 📊 Average RSSI: -57 dBm
2026-05-21 14:28:22.549 +05:30 [INF] 📊 Average RSSI: -56 dBm
2026-05-21 14:28:25.048 +05:30 [INF] 📊 Average RSSI: -56 dBm
2026-05-21 14:28:27.549 +05:30 [INF] 📊 Average RSSI: -56 dBm
2026-05-21 14:28:30.044 +05:30 [INF] 📊 Average RSSI: -55 dBm
2026-05-21 14:28:32.549 +05:30 [INF] 📊 Average RSSI: -55 dBm
2026-05-21 14:28:35.052 +05:30 [INF] 📊 Average RSSI: -57 dBm
2026-05-21 14:28:37.546 +05:30 [INF] 📊 Average RSSI: -55 dBm
2026-05-21 14:28:40.050 +05:30 [INF] 📊 Average RSSI: -56 dBm
2026-05-21 14:28:42.550 +05:30 [INF] 📊 Average RSSI: -55 dBm
2026-05-21 14:28:45.047 +05:30 [INF] 📊 Average RSSI: -53 dBm
2026-05-21 14:28:47.546 +05:30 [INF] 📊 Average RSSI: -53 dBm
2026-05-21 14:28:50.051 +05:30 [INF] 📊 Average RSSI: -52 dBm
2026-05-21 14:28:52.550 +05:30 [INF] 📊 Average RSSI: -52 dBm
2026-05-21 14:28:55.052 +05:30 [INF] 📊 Average RSSI: -52 dBm
2026-05-21 14:28:57.553 +05:30 [INF] 📊 Average RSSI: -54 dBm
2026-05-21 14:29:00.047 +05:30 [INF] 📊 Average RSSI: -56 dBm
2026-05-21 14:29:02.547 +05:30 [INF] 📊 Average RSSI: -51 dBm
2026-05-21 14:29:05.046 +05:30 [INF] 📊 Average RSSI: -51 dBm
2026-05-21 14:29:07.550 +05:30 [INF] 📊 Average RSSI: -52 dBm
2026-05-21 14:29:10.051 +05:30 [INF] 📊 Average RSSI: -53 dBm
2026-05-21 14:29:12.547 +05:30 [INF] 📊 Average RSSI: -52 dBm
2026-05-21 14:29:15.047 +05:30 [INF] 📊 Average RSSI: -51 dBm
2026-05-21 14:29:17.551 +05:30 [INF] 📊 Average RSSI: -51 dBm
2026-05-21 14:29:20.049 +05:30 [INF] 📊 Average RSSI: -50 dBm
2026-05-21 14:29:22.550 +05:30 [INF] 📊 Average RSSI: -53 dBm
2026-05-21 14:29:25.046 +05:30 [INF] 📊 Average RSSI: -55 dBm
2026-05-21 14:29:27.551 +05:30 [INF] 📊 Average RSSI: -53 dBm
2026-05-21 14:29:30.046 +05:30 [INF] 📊 Average RSSI: -53 dBm
2026-05-21 14:29:32.547 +05:30 [INF] 📊 Average RSSI: -53 dBm
2026-05-21 14:29:35.048 +05:30 [INF] 📊 Average RSSI: -53 dBm
2026-05-21 14:29:37.549 +05:30 [INF] 📊 Average RSSI: -61 dBm
2026-05-21 14:29:39.190 +05:30 [INF] Connection status changed: Disconnected
2026-05-21 14:29:39.191 +05:30 [WRN] Handling disconnection...
2026-05-21 14:29:39.192 +05:30 [INF] RSSI and connection monitoring stopped
2026-05-21 14:29:39.192 +05:30 [INF] TrustStateManager received event: PHONE_DISCONNECTED
2026-05-21 14:29:39.193 +05:30 [WRN] Enforcing lockdown due to TRUST_LOST
2026-05-21 14:29:39.194 +05:30 [INF] TrustStateManager received event: TRUST_LOST
2026-05-21 14:29:39.194 +05:30 [WRN] Trust lost – enforcement will lock
2026-05-21 14:29:39.195 +05:30 [INF] Trust state changed to LIMITED
2026-05-21 14:29:39.195 +05:30 [ERR] 🔒 Device disconnected - LOCKING WORKSTATION!
2026-05-21 14:29:39.196 +05:30 [INF] Attempting to reconnect (1/5)...
2026-05-21 14:29:39.963 +05:30 [INF] 🔍 DEVICE FOUND: Name='Watch Pro', ID=BluetoothLE#BluetoothLE0c:9a:3c:45:78:05-2c:be:eb:bf:37:a4
2026-05-21 14:29:39.964 +05:30 [INF]   Is Connectable: True
2026-05-21 14:29:39.965 +05:30 [INF]   Checking name match: 'Watch Pro' contains 'Tirth's S25 FE'?
2026-05-21 14:29:39.965 +05:30 [INF]   ❌ Not target device, ignoring
2026-05-21 14:29:40.939 +05:30 [INF] 🔍 DEVICE FOUND: Name='', ID=BluetoothLE#BluetoothLE0c:9a:3c:45:78:05-12:5a:6e:a0:8c:6a
2026-05-21 14:29:40.940 +05:30 [INF]   Is Connectable: True
2026-05-21 14:29:40.940 +05:30 [INF]   ❌ Not target device, ignoring
2026-05-21 14:29:41.083 +05:30 [INF] 🔍 DEVICE FOUND: Name='', ID=BluetoothLE#BluetoothLE0c:9a:3c:45:78:05-3a:3e:ac:25:e5:47
2026-05-21 14:29:41.084 +05:30 [INF]   Is Connectable: True
2026-05-21 14:29:41.084 +05:30 [INF]   ❌ Not target device, ignoring
2026-05-21 14:29:44.200 +05:30 [INF] Connecting to device: BluetoothLE#BluetoothLE0c:9a:3c:45:78:05-74:c6:a8:ff:57:99
2026-05-21 14:29:44.234 +05:30 [INF] Device name: Tirth's S25 FE
2026-05-21 14:29:44.235 +05:30 [INF] Device connection status: Disconnected
2026-05-21 14:29:44.236 +05:30 [INF] Device access status: Allowed
2026-05-21 14:29:44.236 +05:30 [INF] Discovering GATT services...
2026-05-21 14:29:44.655 +05:30 [INF] Device removed: BluetoothLE#BluetoothLE0c:9a:3c:45:78:05-08:40:ee:de:5b:c5
2026-05-21 14:29:44.656 +05:30 [INF] Device removed: BluetoothLE#BluetoothLE0c:9a:3c:45:78:05-1f:1b:cc:30:c6:a9
2026-05-21 14:29:44.657 +05:30 [INF] Device removed: BluetoothLE#BluetoothLE0c:9a:3c:45:78:05-74:c6:a8:ff:57:99
2026-05-21 14:29:44.657 +05:30 [WRN] Target device removed from enumeration
2026-05-21 14:29:49.658 +05:30 [INF] Device removed: BluetoothLE#BluetoothLE0c:9a:3c:45:78:05-2c:be:eb:bf:37:a4
2026-05-21 14:29:51.924 +05:30 [ERR] Failed to discover GATT services: Unreachable
2026-05-21 14:29:51.925 +05:30 [ERR]   This usually means the device is not advertising as connectable
2026-05-21 14:29:51.926 +05:30 [ERR]   Make sure nRF Connect has 'Connectable' checkbox ENABLED
2026-05-21 14:29:53.049 +05:30 [INF] 🔍 DEVICE FOUND: Name='', ID=BluetoothLE#BluetoothLE0c:9a:3c:45:78:05-2c:b1:b0:7d:29:4e
2026-05-21 14:29:53.050 +05:30 [INF]   Is Connectable: True
2026-05-21 14:29:53.051 +05:30 [INF]   ❌ Not target device, ignoring
2026-05-21 14:29:53.621 +05:30 [INF] 🔍 DEVICE FOUND: Name='', ID=BluetoothLE#BluetoothLE0c:9a:3c:45:78:05-38:91:d2:51:37:8f
2026-05-21 14:29:53.622 +05:30 [INF]   Is Connectable: True
2026-05-21 14:29:53.623 +05:30 [INF]   ❌ Not target device, ignoring
2026-05-21 14:29:59.661 +05:30 [INF] Device removed: BluetoothLE#BluetoothLE0c:9a:3c:45:78:05-12:5a:6e:a0:8c:6a
2026-05-21 14:29:59.662 +05:30 [INF] Device removed: BluetoothLE#BluetoothLE0c:9a:3c:45:78:05-3a:3e:ac:25:e5:47
2026-05-21 14:30:05.766 +05:30 [INF] 🔍 DEVICE FOUND: Name='', ID=BluetoothLE#BluetoothLE0c:9a:3c:45:78:05-03:86:e5:bc:30:d5
2026-05-21 14:30:05.767 +05:30 [INF]   Is Connectable: True
2026-05-21 14:30:05.768 +05:30 [INF]   ❌ Not target device, ignoring
2026-05-21 14:30:06.037 +05:30 [INF] 🔍 DEVICE FOUND: Name='', ID=BluetoothLE#BluetoothLE0c:9a:3c:45:78:05-23:58:86:7e:50:ef
2026-05-21 14:30:06.038 +05:30 [INF]   Is Connectable: True
2026-05-21 14:30:06.039 +05:30 [INF]   ❌ Not target device, ignoring
2026-05-21 14:30:14.660 +05:30 [INF] Device removed: BluetoothLE#BluetoothLE0c:9a:3c:45:78:05-2c:b1:b0:7d:29:4e
2026-05-21 14:30:14.661 +05:30 [INF] Device removed: BluetoothLE#BluetoothLE0c:9a:3c:45:78:05-38:91:d2:51:37:8f
2026-05-21 14:30:34.876 +05:30 [INF] 🔍 DEVICE FOUND: Name='Tirth's S25 FE', ID=BluetoothLE#BluetoothLE0c:9a:3c:45:78:05-6b:b4:0a:09:b8:bd
2026-05-21 14:30:34.877 +05:30 [INF]   Is Connectable: True
2026-05-21 14:30:34.877 +05:30 [INF]   Checking name match: 'Tirth's S25 FE' contains 'Tirth's S25 FE'?
2026-05-21 14:30:34.877 +05:30 [INF]   ✅ NAME MATCHED! Found target device: 'Tirth's S25 FE'
2026-05-21 14:30:34.878 +05:30 [INF] 🎯 CONNECTING to Tirth's S25 FE...
2026-05-21 14:30:34.878 +05:30 [INF] Connecting to device: BluetoothLE#BluetoothLE0c:9a:3c:45:78:05-6b:b4:0a:09:b8:bd
2026-05-21 14:30:34.891 +05:30 [INF] Device name: Tirth's S25 FE
2026-05-21 14:30:34.892 +05:30 [INF] Device connection status: Disconnected
2026-05-21 14:30:34.892 +05:30 [INF] Device access status: Allowed
2026-05-21 14:30:34.893 +05:30 [INF] Discovering GATT services...
2026-05-21 14:30:35.117 +05:30 [INF] Connection status changed: Connected
2026-05-21 14:30:35.117 +05:30 [INF] Device reconnected!
2026-05-21 14:30:35.118 +05:30 [INF] RSSI monitoring started
2026-05-21 14:30:36.857 +05:30 [INF] ✅ Successfully connected! Found 10 services
2026-05-21 14:30:36.858 +05:30 [INF] TrustStateManager received event: PHONE_CONNECTED
2026-05-21 14:30:36.858 +05:30 [INF] TrustStateManager received event: TRUST_RESTORED
2026-05-21 14:30:36.859 +05:30 [INF] Trust state changed to TRUSTED
2026-05-21 14:30:36.860 +05:30 [INF] RSSI monitoring started
2026-05-21 14:30:36.860 +05:30 [INF] Connection monitoring started
2026-05-21 14:30:38.875 +05:30 [INF] 📊 Average RSSI: -66 dBm
2026-05-21 14:30:41.373 +05:30 [INF] 📊 Average RSSI: -62 dBm
2026-05-21 14:30:43.861 +05:30 [INF] 📊 Average RSSI: -63 dBm
2026-05-21 14:30:46.372 +05:30 [INF] 📊 Average RSSI: -56 dBm
2026-05-21 14:30:48.874 +05:30 [INF] 📊 Average RSSI: -55 dBm
2026-05-21 14:30:51.374 +05:30 [INF] 📊 Average RSSI: -54 dBm
2026-05-21 14:30:53.861 +05:30 [INF] 📊 Average RSSI: -58 dBm
2026-05-21 14:30:56.364 +05:30 [INF] 📊 Average RSSI: -57 dBm
2026-05-21 14:30:58.875 +05:30 [INF] 📊 Average RSSI: -53 dBm
2026-05-21 14:31:01.369 +05:30 [INF] 📊 Average RSSI: -55 dBm
2026-05-21 14:31:03.861 +05:30 [INF] 📊 Average RSSI: -59 dBm
2026-05-21 14:31:05.629 +05:30 [INF] Tether Communication Service is stopping
2026-05-21 14:31:05.645 +05:30 [INF] Stopping BLE Manager...
2026-05-21 14:31:05.646 +05:30 [INF] RSSI and connection monitoring stopped
2026-05-21 14:31:05.648 +05:30 [INF] BLE Manager stopped
2026-05-21 14:35:55.767 +05:30 [INF] TrustStateManager initialized
2026-05-21 14:35:55.799 +05:30 [INF] EnforcementManager ready
2026-05-21 14:35:55.800 +05:30 [INF] RecoveryManager initialized (skeleton)
2026-05-21 14:35:55.801 +05:30 [INF] Pipe server started
2026-05-21 14:35:55.802 +05:30 [INF] BLE Manager starting - looking for device: 'Tirth's S25 FE'
2026-05-21 14:35:55.806 +05:30 [INF] Named pipe server waiting for connection on TetherPipe...
2026-05-21 14:35:55.936 +05:30 [INF] BLE scanning started...
2026-05-21 14:35:55.937 +05:30 [INF] All services initialized. Starting host...
2026-05-21 14:35:55.939 +05:30 [INF] 🔍 DEVICE FOUND: Name='', ID=BluetoothLE#BluetoothLE0c:9a:3c:45:78:05-03:86:e5:bc:30:d5
2026-05-21 14:35:55.947 +05:30 [INF] Tether Communication Service started successfully
2026-05-21 14:35:55.955 +05:30 [INF]   Is Connectable: False
2026-05-21 14:35:55.957 +05:30 [INF] 🔍 DEVICE FOUND: Name='Tirth's S25 FE', ID=BluetoothLE#BluetoothLE0c:9a:3c:45:78:05-6b:b4:0a:09:b8:bd
2026-05-21 14:35:55.958 +05:30 [INF]   Is Connectable: False
2026-05-21 14:35:55.959 +05:30 [INF] 🔍 DEVICE FOUND: Name='', ID=BluetoothLE#BluetoothLE0c:9a:3c:45:78:05-23:58:86:7e:50:ef
2026-05-21 14:35:55.959 +05:30 [INF]   Is Connectable: False
2026-05-21 14:35:55.960 +05:30 [INF] 🔍 DEVICE FOUND: Name='', ID=BluetoothLE#BluetoothLE0c:9a:3c:45:78:05-38:91:d2:51:37:8f
2026-05-21 14:35:55.961 +05:30 [INF]   Is Connectable: False
2026-05-21 14:35:55.961 +05:30 [INF] 🔍 DEVICE FOUND: Name='', ID=BluetoothLE#BluetoothLE0c:9a:3c:45:78:05-2c:b1:b0:7d:29:4e
2026-05-21 14:35:55.962 +05:30 [INF]   Is Connectable: False
2026-05-21 14:35:55.963 +05:30 [INF] 🔍 DEVICE FOUND: Name='', ID=BluetoothLE#BluetoothLE0c:9a:3c:45:78:05-12:5a:6e:a0:8c:6a
2026-05-21 14:35:55.963 +05:30 [INF]   Is Connectable: False
2026-05-21 14:35:55.964 +05:30 [INF] 🔍 DEVICE FOUND: Name='', ID=BluetoothLE#BluetoothLE0c:9a:3c:45:78:05-3a:3e:ac:25:e5:47
2026-05-21 14:35:55.964 +05:30 [INF]   Is Connectable: False
2026-05-21 14:35:55.965 +05:30 [INF] 🔍 DEVICE FOUND: Name='Tirth's S25 FE', ID=BluetoothLE#BluetoothLE0c:9a:3c:45:78:05-74:c6:a8:ff:57:99
2026-05-21 14:35:55.965 +05:30 [INF]   Is Connectable: False
2026-05-21 14:35:55.966 +05:30 [INF] 🔍 DEVICE FOUND: Name='Watch Pro', ID=BluetoothLE#BluetoothLE0c:9a:3c:45:78:05-2c:be:eb:bf:37:a4
2026-05-21 14:35:55.966 +05:30 [INF]   Is Connectable: False
2026-05-21 14:35:55.967 +05:30 [INF] 🔍 DEVICE FOUND: Name='', ID=BluetoothLE#BluetoothLE0c:9a:3c:45:78:05-08:40:ee:de:5b:c5
2026-05-21 14:35:55.968 +05:30 [INF]   Is Connectable: False
2026-05-21 14:35:55.968 +05:30 [INF] 🔍 DEVICE FOUND: Name='', ID=BluetoothLE#BluetoothLE0c:9a:3c:45:78:05-1f:1b:cc:30:c6:a9
2026-05-21 14:35:55.969 +05:30 [INF]   Is Connectable: False
2026-05-21 14:35:55.969 +05:30 [INF] 🔍 DEVICE FOUND: Name='', ID=BluetoothLE#BluetoothLE0c:9a:3c:45:78:05-54:03:84:6c:5c:44
2026-05-21 14:35:55.970 +05:30 [INF]   Is Connectable: False
2026-05-21 14:35:55.970 +05:30 [INF] 🔍 DEVICE FOUND: Name='', ID=BluetoothLE#BluetoothLE0c:9a:3c:45:78:05-03:28:07:05:ae:f6
2026-05-21 14:35:55.974 +05:30 [INF]   Is Connectable: False
2026-05-21 14:35:55.974 +05:30 [INF] 🔍 DEVICE FOUND: Name='', ID=BluetoothLE#BluetoothLE0c:9a:3c:45:78:05-1e:08:7d:75:8b:0a
2026-05-21 14:35:55.975 +05:30 [INF]   Is Connectable: False
2026-05-21 14:35:55.975 +05:30 [INF] 🔍 DEVICE FOUND: Name='Tirth's S25 FE', ID=BluetoothLE#BluetoothLE0c:9a:3c:45:78:05-7b:bc:f6:3f:55:e7
2026-05-21 14:35:55.976 +05:30 [INF]   Is Connectable: False
2026-05-21 14:35:55.976 +05:30 [INF] 🔍 DEVICE FOUND: Name='', ID=BluetoothLE#BluetoothLE0c:9a:3c:45:78:05-13:3f:a7:bb:b1:58
2026-05-21 14:35:55.977 +05:30 [INF]   Is Connectable: False
2026-05-21 14:35:55.978 +05:30 [INF] 🔍 DEVICE FOUND: Name='', ID=BluetoothLE#BluetoothLE0c:9a:3c:45:78:05-00:a1:c3:1b:40:56
2026-05-21 14:35:55.978 +05:30 [INF]   Is Connectable: False
2026-05-21 14:35:55.979 +05:30 [INF] 🔍 DEVICE FOUND: Name='', ID=BluetoothLE#BluetoothLE0c:9a:3c:45:78:05-16:ed:93:a6:0a:5a
2026-05-21 14:35:55.979 +05:30 [INF]   Is Connectable: False
2026-05-21 14:35:55.980 +05:30 [INF] 🔍 DEVICE FOUND: Name='', ID=BluetoothLE#BluetoothLE0c:9a:3c:45:78:05-34:cd:ab:91:be:8a
2026-05-21 14:35:55.981 +05:30 [INF]   Is Connectable: False
2026-05-21 14:35:55.981 +05:30 [INF] 🔍 DEVICE FOUND: Name='EMBERTON II [LE]', ID=BluetoothLE#BluetoothLE0c:9a:3c:45:78:05-6a:37:91:b2:1e:8a
2026-05-21 14:35:55.982 +05:30 [INF]   Is Connectable: False
2026-05-21 14:35:55.982 +05:30 [INF] 🔍 DEVICE FOUND: Name='EMBERTON II [LE]', ID=BluetoothLE#BluetoothLE0c:9a:3c:45:78:05-75:99:3e:39:fb:7e
2026-05-21 14:35:55.983 +05:30 [INF]   Is Connectable: False
2026-05-21 14:35:55.983 +05:30 [INF] 🔍 DEVICE FOUND: Name='', ID=BluetoothLE#BluetoothLE0c:9a:3c:45:78:05-1f:53:02:c4:82:f9
2026-05-21 14:35:55.984 +05:30 [INF]   Is Connectable: False
2026-05-21 14:35:55.984 +05:30 [INF] 🔍 DEVICE FOUND: Name='', ID=BluetoothLE#BluetoothLE0c:9a:3c:45:78:05-30:c6:3f:e2:8d:44
2026-05-21 14:35:55.985 +05:30 [INF]   Is Connectable: False
2026-05-21 14:35:55.985 +05:30 [INF] 🔍 DEVICE FOUND: Name='', ID=BluetoothLE#BluetoothLE0c:9a:3c:45:78:05-76:2b:aa:49:12:6a
2026-05-21 14:35:55.986 +05:30 [INF]   Is Connectable: False
2026-05-21 14:35:55.987 +05:30 [INF] 🔍 DEVICE FOUND: Name='Tirth's S25 FE', ID=BluetoothLE#BluetoothLE0c:9a:3c:45:78:05-6a:2e:72:d2:99:a2
2026-05-21 14:35:55.989 +05:30 [INF]   Is Connectable: False
2026-05-21 14:35:55.990 +05:30 [INF] 🔍 DEVICE FOUND: Name='', ID=BluetoothLE#BluetoothLE0c:9a:3c:45:78:05-3e:5a:33:25:cf:d1
2026-05-21 14:35:55.990 +05:30 [INF]   Is Connectable: False
2026-05-21 14:35:55.991 +05:30 [INF] 🔍 DEVICE FOUND: Name='', ID=BluetoothLE#BluetoothLE0c:9a:3c:45:78:05-0d:b2:be:89:07:39
2026-05-21 14:35:55.992 +05:30 [INF]   Is Connectable: False
2026-05-21 14:35:55.992 +05:30 [INF] 🔍 DEVICE FOUND: Name='', ID=BluetoothLE#BluetoothLE0c:9a:3c:45:78:05-6d:a8:d7:18:2d:19
2026-05-21 14:35:55.993 +05:30 [INF]   Is Connectable: False
2026-05-21 14:35:55.993 +05:30 [INF] 🔍 DEVICE FOUND: Name='Tirth's S25 FE', ID=BluetoothLE#BluetoothLE0c:9a:3c:45:78:05-a0:1b:9e:b2:66:cf
2026-05-21 14:35:55.994 +05:30 [INF]   Is Connectable: False
2026-05-21 14:35:56.046 +05:30 [INF] 🔍 DEVICE FOUND: Name='', ID=BluetoothLE#BluetoothLE0c:9a:3c:45:78:05-56:4b:9f:88:42:f5
2026-05-21 14:35:56.047 +05:30 [INF]   Is Connectable: True
2026-05-21 14:35:56.047 +05:30 [INF]   ❌ Not target device, ignoring
2026-05-21 14:35:56.240 +05:30 [INF] 🔍 DEVICE FOUND: Name='', ID=BluetoothLE#BluetoothLE0c:9a:3c:45:78:05-02:ce:99:9a:bd:0c
2026-05-21 14:35:56.242 +05:30 [INF]   Is Connectable: True
2026-05-21 14:35:56.242 +05:30 [INF]   ❌ Not target device, ignoring
2026-05-21 14:35:56.245 +05:30 [INF] 🔍 DEVICE FOUND: Name='', ID=BluetoothLE#BluetoothLE0c:9a:3c:45:78:05-0d:f9:92:ab:ac:dd
2026-05-21 14:35:56.246 +05:30 [INF]   Is Connectable: True
2026-05-21 14:35:56.247 +05:30 [INF]   ❌ Not target device, ignoring
2026-05-21 14:36:00.948 +05:30 [INF] Device removed: BluetoothLE#BluetoothLE0c:9a:3c:45:78:05-00:a1:c3:1b:40:56
2026-05-21 14:36:00.949 +05:30 [INF] Device removed: BluetoothLE#BluetoothLE0c:9a:3c:45:78:05-03:28:07:05:ae:f6
2026-05-21 14:36:00.949 +05:30 [INF] Device removed: BluetoothLE#BluetoothLE0c:9a:3c:45:78:05-03:86:e5:bc:30:d5
2026-05-21 14:36:00.950 +05:30 [INF] Device removed: BluetoothLE#BluetoothLE0c:9a:3c:45:78:05-08:40:ee:de:5b:c5
2026-05-21 14:36:00.951 +05:30 [INF] Device removed: BluetoothLE#BluetoothLE0c:9a:3c:45:78:05-0d:b2:be:89:07:39
2026-05-21 14:36:00.952 +05:30 [INF] Device removed: BluetoothLE#BluetoothLE0c:9a:3c:45:78:05-12:5a:6e:a0:8c:6a
2026-05-21 14:36:00.952 +05:30 [INF] Device removed: BluetoothLE#BluetoothLE0c:9a:3c:45:78:05-13:3f:a7:bb:b1:58
2026-05-21 14:36:00.953 +05:30 [INF] Device removed: BluetoothLE#BluetoothLE0c:9a:3c:45:78:05-16:ed:93:a6:0a:5a
2026-05-21 14:36:00.953 +05:30 [INF] Device removed: BluetoothLE#BluetoothLE0c:9a:3c:45:78:05-1e:08:7d:75:8b:0a
2026-05-21 14:36:00.953 +05:30 [INF] Device removed: BluetoothLE#BluetoothLE0c:9a:3c:45:78:05-1f:1b:cc:30:c6:a9
2026-05-21 14:36:00.954 +05:30 [INF] Device removed: BluetoothLE#BluetoothLE0c:9a:3c:45:78:05-1f:53:02:c4:82:f9
2026-05-21 14:36:00.954 +05:30 [INF] Device removed: BluetoothLE#BluetoothLE0c:9a:3c:45:78:05-23:58:86:7e:50:ef
2026-05-21 14:36:00.955 +05:30 [INF] Device removed: BluetoothLE#BluetoothLE0c:9a:3c:45:78:05-2c:b1:b0:7d:29:4e
2026-05-21 14:36:00.955 +05:30 [INF] Device removed: BluetoothLE#BluetoothLE0c:9a:3c:45:78:05-2c:be:eb:bf:37:a4
2026-05-21 14:36:00.956 +05:30 [INF] Device removed: BluetoothLE#BluetoothLE0c:9a:3c:45:78:05-30:c6:3f:e2:8d:44
2026-05-21 14:36:00.956 +05:30 [INF] Device removed: BluetoothLE#BluetoothLE0c:9a:3c:45:78:05-34:cd:ab:91:be:8a
2026-05-21 14:36:00.957 +05:30 [INF] Device removed: BluetoothLE#BluetoothLE0c:9a:3c:45:78:05-38:91:d2:51:37:8f
2026-05-21 14:36:00.957 +05:30 [INF] Device removed: BluetoothLE#BluetoothLE0c:9a:3c:45:78:05-3a:3e:ac:25:e5:47
2026-05-21 14:36:00.958 +05:30 [INF] Device removed: BluetoothLE#BluetoothLE0c:9a:3c:45:78:05-3e:5a:33:25:cf:d1
2026-05-21 14:36:00.958 +05:30 [INF] Device removed: BluetoothLE#BluetoothLE0c:9a:3c:45:78:05-54:03:84:6c:5c:44
2026-05-21 14:36:00.958 +05:30 [INF] Device removed: BluetoothLE#BluetoothLE0c:9a:3c:45:78:05-6a:2e:72:d2:99:a2
2026-05-21 14:36:00.959 +05:30 [INF] Device removed: BluetoothLE#BluetoothLE0c:9a:3c:45:78:05-6a:37:91:b2:1e:8a
2026-05-21 14:36:00.959 +05:30 [INF] Device removed: BluetoothLE#BluetoothLE0c:9a:3c:45:78:05-6d:a8:d7:18:2d:19
2026-05-21 14:36:00.960 +05:30 [INF] Device removed: BluetoothLE#BluetoothLE0c:9a:3c:45:78:05-74:c6:a8:ff:57:99
2026-05-21 14:36:00.960 +05:30 [INF] Device removed: BluetoothLE#BluetoothLE0c:9a:3c:45:78:05-75:99:3e:39:fb:7e
2026-05-21 14:36:00.961 +05:30 [INF] Device removed: BluetoothLE#BluetoothLE0c:9a:3c:45:78:05-76:2b:aa:49:12:6a
2026-05-21 14:36:00.961 +05:30 [INF] Device removed: BluetoothLE#BluetoothLE0c:9a:3c:45:78:05-7b:bc:f6:3f:55:e7
2026-05-21 14:36:00.962 +05:30 [INF] Device removed: BluetoothLE#BluetoothLE0c:9a:3c:45:78:05-a0:1b:9e:b2:66:cf
2026-05-21 14:36:00.979 +05:30 [INF] 🔍 DEVICE FOUND: Name='', ID=BluetoothLE#BluetoothLE0c:9a:3c:45:78:05-57:63:6a:8b:48:1d
2026-05-21 14:36:00.981 +05:30 [INF]   Is Connectable: True
2026-05-21 14:36:00.981 +05:30 [INF]   ❌ Not target device, ignoring
2026-05-21 14:36:05.512 +05:30 [INF] 🔍 DEVICE FOUND: Name='', ID=BluetoothLE#BluetoothLE0c:9a:3c:45:78:05-06:55:a2:4e:cf:61
2026-05-21 14:36:05.514 +05:30 [INF]   Is Connectable: True
2026-05-21 14:36:05.514 +05:30 [INF]   ❌ Not target device, ignoring
2026-05-21 14:36:05.928 +05:30 [INF] 🔍 DEVICE FOUND: Name='', ID=BluetoothLE#BluetoothLE0c:9a:3c:45:78:05-10:cf:c0:8a:53:de
2026-05-21 14:36:05.929 +05:30 [INF]   Is Connectable: True
2026-05-21 14:36:05.930 +05:30 [INF]   ❌ Not target device, ignoring
2026-05-21 14:36:05.950 +05:30 [INF] Device removed: BluetoothLE#BluetoothLE0c:9a:3c:45:78:05-56:4b:9f:88:42:f5
2026-05-21 14:36:06.255 +05:30 [INF] 🔍 DEVICE FOUND: Name='', ID=BluetoothLE#BluetoothLE0c:9a:3c:45:78:05-7f:54:d4:dc:83:90
2026-05-21 14:36:06.257 +05:30 [INF]   Is Connectable: True
2026-05-21 14:36:06.257 +05:30 [INF]   ❌ Not target device, ignoring
2026-05-21 14:36:08.061 +05:30 [INF] 🔍 DEVICE FOUND: Name='', ID=BluetoothLE#BluetoothLE0c:9a:3c:45:78:05-72:e3:48:97:e9:20
2026-05-21 14:36:08.062 +05:30 [INF]   Is Connectable: True
2026-05-21 14:36:08.063 +05:30 [INF]   ❌ Not target device, ignoring
2026-05-21 14:36:10.944 +05:30 [INF] Device removed: BluetoothLE#BluetoothLE0c:9a:3c:45:78:05-02:ce:99:9a:bd:0c
2026-05-21 14:36:10.944 +05:30 [INF] Device removed: BluetoothLE#BluetoothLE0c:9a:3c:45:78:05-0d:f9:92:ab:ac:dd
2026-05-21 14:36:13.374 +05:30 [INF] 🔍 DEVICE FOUND: Name='', ID=BluetoothLE#BluetoothLE0c:9a:3c:45:78:05-60:91:00:16:2a:bd
2026-05-21 14:36:13.375 +05:30 [INF]   Is Connectable: True
2026-05-21 14:36:13.376 +05:30 [INF]   ❌ Not target device, ignoring
2026-05-21 14:36:15.952 +05:30 [INF] Device removed: BluetoothLE#BluetoothLE0c:9a:3c:45:78:05-57:63:6a:8b:48:1d
2026-05-21 14:36:15.952 +05:30 [INF] Device removed: BluetoothLE#BluetoothLE0c:9a:3c:45:78:05-7f:54:d4:dc:83:90
2026-05-21 14:36:16.968 +05:30 [INF] 🔍 DEVICE FOUND: Name='', ID=BluetoothLE#BluetoothLE0c:9a:3c:45:78:05-44:3e:d2:f6:d7:8b
2026-05-21 14:36:16.969 +05:30 [INF]   Is Connectable: True
2026-05-21 14:36:16.970 +05:30 [INF]   ❌ Not target device, ignoring
2026-05-21 14:36:20.943 +05:30 [INF] Device removed: BluetoothLE#BluetoothLE0c:9a:3c:45:78:05-72:e3:48:97:e9:20
2026-05-21 14:36:22.247 +05:30 [INF] 🔍 DEVICE FOUND: Name='', ID=BluetoothLE#BluetoothLE0c:9a:3c:45:78:05-65:d3:ae:20:21:12
2026-05-21 14:36:22.248 +05:30 [INF]   Is Connectable: True
2026-05-21 14:36:22.249 +05:30 [INF]   ❌ Not target device, ignoring
2026-05-21 14:36:24.908 +05:30 [INF] 🔍 DEVICE FOUND: Name='', ID=BluetoothLE#BluetoothLE0c:9a:3c:45:78:05-73:54:76:fa:7f:cd
2026-05-21 14:36:24.909 +05:30 [INF]   Is Connectable: True
2026-05-21 14:36:24.910 +05:30 [INF]   ❌ Not target device, ignoring
2026-05-21 14:36:25.953 +05:30 [INF] Device enumeration completed - continuing to listen for new devices
2026-05-21 14:36:25.954 +05:30 [INF] Device removed: BluetoothLE#BluetoothLE0c:9a:3c:45:78:05-60:91:00:16:2a:bd
2026-05-21 14:36:30.187 +05:30 [INF] 🔍 DEVICE FOUND: Name='', ID=BluetoothLE#BluetoothLE0c:9a:3c:45:78:05-4c:f7:fd:a1:d3:32
2026-05-21 14:36:30.188 +05:30 [INF]   Is Connectable: True
2026-05-21 14:36:30.189 +05:30 [INF]   ❌ Not target device, ignoring
2026-05-21 14:36:30.954 +05:30 [INF] Device removed: BluetoothLE#BluetoothLE0c:9a:3c:45:78:05-44:3e:d2:f6:d7:8b
2026-05-21 14:36:30.955 +05:30 [INF] Device removed: BluetoothLE#BluetoothLE0c:9a:3c:45:78:05-65:d3:ae:20:21:12
2026-05-21 14:36:32.385 +05:30 [INF] 🔍 DEVICE FOUND: Name='', ID=BluetoothLE#BluetoothLE0c:9a:3c:45:78:05-7d:c5:3b:3d:d9:86
2026-05-21 14:36:32.386 +05:30 [INF]   Is Connectable: True
2026-05-21 14:36:32.387 +05:30 [INF]   ❌ Not target device, ignoring
2026-05-21 14:36:35.944 +05:30 [INF] Device removed: BluetoothLE#BluetoothLE0c:9a:3c:45:78:05-73:54:76:fa:7f:cd
2026-05-21 14:36:37.762 +05:30 [INF] 🔍 DEVICE FOUND: Name='', ID=BluetoothLE#BluetoothLE0c:9a:3c:45:78:05-70:e5:fe:7c:fb:cf
2026-05-21 14:36:37.763 +05:30 [INF]   Is Connectable: True
2026-05-21 14:36:37.764 +05:30 [INF]   ❌ Not target device, ignoring
2026-05-21 14:36:40.285 +05:30 [INF] 🔍 DEVICE FOUND: Name='', ID=BluetoothLE#BluetoothLE0c:9a:3c:45:78:05-4e:97:1c:f9:1a:5d
2026-05-21 14:36:40.286 +05:30 [INF]   Is Connectable: True
2026-05-21 14:36:40.287 +05:30 [INF]   ❌ Not target device, ignoring
2026-05-21 14:36:40.948 +05:30 [INF] Device removed: BluetoothLE#BluetoothLE0c:9a:3c:45:78:05-4c:f7:fd:a1:d3:32
2026-05-21 14:36:45.559 +05:30 [INF] 🔍 DEVICE FOUND: Name='', ID=BluetoothLE#BluetoothLE0c:9a:3c:45:78:05-50:6b:b8:6d:df:72
2026-05-21 14:36:45.560 +05:30 [INF]   Is Connectable: True
2026-05-21 14:36:45.561 +05:30 [INF]   ❌ Not target device, ignoring
2026-05-21 14:36:45.944 +05:30 [INF] Device removed: BluetoothLE#BluetoothLE0c:9a:3c:45:78:05-70:e5:fe:7c:fb:cf
2026-05-21 14:36:45.945 +05:30 [INF] Device removed: BluetoothLE#BluetoothLE0c:9a:3c:45:78:05-7d:c5:3b:3d:d9:86
2026-05-21 14:36:48.654 +05:30 [INF] 🔍 DEVICE FOUND: Name='', ID=BluetoothLE#BluetoothLE0c:9a:3c:45:78:05-6d:e0:51:67:cb:34
2026-05-21 14:36:48.656 +05:30 [INF]   Is Connectable: True
2026-05-21 14:36:48.656 +05:30 [INF]   ❌ Not target device, ignoring
2026-05-21 14:36:50.945 +05:30 [INF] Device removed: BluetoothLE#BluetoothLE0c:9a:3c:45:78:05-4e:97:1c:f9:1a:5d
2026-05-21 14:36:53.930 +05:30 [INF] 🔍 DEVICE FOUND: Name='', ID=BluetoothLE#BluetoothLE0c:9a:3c:45:78:05-7d:a4:90:3c:6d:cd
2026-05-21 14:36:53.931 +05:30 [INF]   Is Connectable: True
2026-05-21 14:36:53.931 +05:30 [INF]   ❌ Not target device, ignoring
2026-05-21 14:36:55.947 +05:30 [INF] Device removed: BluetoothLE#BluetoothLE0c:9a:3c:45:78:05-50:6b:b8:6d:df:72
2026-05-21 14:36:56.993 +05:30 [INF] 🔍 DEVICE FOUND: Name='', ID=BluetoothLE#BluetoothLE0c:9a:3c:45:78:05-62:b6:d3:bc:82:9c
2026-05-21 14:36:56.994 +05:30 [INF]   Is Connectable: True
2026-05-21 14:36:56.995 +05:30 [INF]   ❌ Not target device, ignoring
2026-05-21 14:37:00.943 +05:30 [INF] Device removed: BluetoothLE#BluetoothLE0c:9a:3c:45:78:05-6d:e0:51:67:cb:34
2026-05-21 14:37:02.230 +05:30 [INF] 🔍 DEVICE FOUND: Name='', ID=BluetoothLE#BluetoothLE0c:9a:3c:45:78:05-63:30:50:87:5c:17
2026-05-21 14:37:02.231 +05:30 [INF]   Is Connectable: True
2026-05-21 14:37:02.232 +05:30 [INF]   ❌ Not target device, ignoring
2026-05-21 14:37:04.017 +05:30 [INF] 🔍 DEVICE FOUND: Name='', ID=BluetoothLE#BluetoothLE0c:9a:3c:45:78:05-45:fa:e7:93:98:a4
2026-05-21 14:37:04.018 +05:30 [INF]   Is Connectable: True
2026-05-21 14:37:04.019 +05:30 [INF]   ❌ Not target device, ignoring
2026-05-21 14:37:05.951 +05:30 [INF] Device removed: BluetoothLE#BluetoothLE0c:9a:3c:45:78:05-7d:a4:90:3c:6d:cd
2026-05-21 14:37:09.289 +05:30 [INF] 🔍 DEVICE FOUND: Name='', ID=BluetoothLE#BluetoothLE0c:9a:3c:45:78:05-5a:31:c0:bc:fa:ff
2026-05-21 14:37:09.290 +05:30 [INF]   Is Connectable: True
2026-05-21 14:37:09.290 +05:30 [INF]   ❌ Not target device, ignoring
2026-05-21 14:37:10.951 +05:30 [INF] Device removed: BluetoothLE#BluetoothLE0c:9a:3c:45:78:05-62:b6:d3:bc:82:9c
2026-05-21 14:37:10.951 +05:30 [INF] Device removed: BluetoothLE#BluetoothLE0c:9a:3c:45:78:05-63:30:50:87:5c:17
2026-05-21 14:37:12.349 +05:30 [INF] 🔍 DEVICE FOUND: Name='', ID=BluetoothLE#BluetoothLE0c:9a:3c:45:78:05-66:35:3f:c7:1d:79
2026-05-21 14:37:12.350 +05:30 [INF]   Is Connectable: True
2026-05-21 14:37:12.350 +05:30 [INF]   ❌ Not target device, ignoring
2026-05-21 14:37:15.954 +05:30 [INF] Device removed: BluetoothLE#BluetoothLE0c:9a:3c:45:78:05-45:fa:e7:93:98:a4
2026-05-21 14:37:17.662 +05:30 [INF] 🔍 DEVICE FOUND: Name='', ID=BluetoothLE#BluetoothLE0c:9a:3c:45:78:05-59:d5:89:76:0f:6c
2026-05-21 14:37:17.663 +05:30 [INF]   Is Connectable: True
2026-05-21 14:37:17.663 +05:30 [INF]   ❌ Not target device, ignoring
2026-05-21 14:37:19.987 +05:30 [INF] 🔍 DEVICE FOUND: Name='', ID=BluetoothLE#BluetoothLE0c:9a:3c:45:78:05-6d:d0:21:7a:2c:fd
2026-05-21 14:37:19.988 +05:30 [INF]   Is Connectable: True
2026-05-21 14:37:19.988 +05:30 [INF]   ❌ Not target device, ignoring
2026-05-21 14:37:20.943 +05:30 [INF] Device removed: BluetoothLE#BluetoothLE0c:9a:3c:45:78:05-5a:31:c0:bc:fa:ff
2026-05-21 14:37:25.290 +05:30 [INF] 🔍 DEVICE FOUND: Name='', ID=BluetoothLE#BluetoothLE0c:9a:3c:45:78:05-51:07:de:b3:96:3c
2026-05-21 14:37:25.291 +05:30 [INF]   Is Connectable: True
2026-05-21 14:37:25.292 +05:30 [INF]   ❌ Not target device, ignoring
2026-05-21 14:37:25.951 +05:30 [INF] Device removed: BluetoothLE#BluetoothLE0c:9a:3c:45:78:05-59:d5:89:76:0f:6c
2026-05-21 14:37:25.951 +05:30 [INF] Device removed: BluetoothLE#BluetoothLE0c:9a:3c:45:78:05-66:35:3f:c7:1d:79
2026-05-21 14:37:28.330 +05:30 [INF] 🔍 DEVICE FOUND: Name='', ID=BluetoothLE#BluetoothLE0c:9a:3c:45:78:05-61:c1:c3:70:b6:d7
2026-05-21 14:37:28.331 +05:30 [INF]   Is Connectable: True
2026-05-21 14:37:28.331 +05:30 [INF]   ❌ Not target device, ignoring
2026-05-21 14:37:30.941 +05:30 [INF] Device removed: BluetoothLE#BluetoothLE0c:9a:3c:45:78:05-6d:d0:21:7a:2c:fd
2026-05-21 14:37:33.611 +05:30 [INF] 🔍 DEVICE FOUND: Name='', ID=BluetoothLE#BluetoothLE0c:9a:3c:45:78:05-58:18:35:c1:07:79
2026-05-21 14:37:33.612 +05:30 [INF]   Is Connectable: True
2026-05-21 14:37:33.613 +05:30 [INF]   ❌ Not target device, ignoring
2026-05-21 14:37:35.953 +05:30 [INF] Device removed: BluetoothLE#BluetoothLE0c:9a:3c:45:78:05-51:07:de:b3:96:3c
2026-05-21 14:37:36.718 +05:30 [INF] 🔍 DEVICE FOUND: Name='', ID=BluetoothLE#BluetoothLE0c:9a:3c:45:78:05-7a:9a:ff:53:b9:75
2026-05-21 14:37:36.719 +05:30 [INF]   Is Connectable: True
2026-05-21 14:37:36.719 +05:30 [INF]   ❌ Not target device, ignoring
2026-05-21 14:37:40.951 +05:30 [INF] Device removed: BluetoothLE#BluetoothLE0c:9a:3c:45:78:05-61:c1:c3:70:b6:d7
2026-05-21 14:37:42.001 +05:30 [INF] 🔍 DEVICE FOUND: Name='', ID=BluetoothLE#BluetoothLE0c:9a:3c:45:78:05-6c:17:a2:c6:18:cf
2026-05-21 14:37:42.003 +05:30 [INF]   Is Connectable: True
2026-05-21 14:37:42.003 +05:30 [INF]   ❌ Not target device, ignoring
2026-05-21 14:37:44.342 +05:30 [INF] 🔍 DEVICE FOUND: Name='', ID=BluetoothLE#BluetoothLE0c:9a:3c:45:78:05-65:78:1f:c1:fc:be
2026-05-21 14:37:44.343 +05:30 [INF]   Is Connectable: True
2026-05-21 14:37:44.343 +05:30 [INF]   ❌ Not target device, ignoring
2026-05-21 14:37:45.951 +05:30 [INF] Device removed: BluetoothLE#BluetoothLE0c:9a:3c:45:78:05-58:18:35:c1:07:79
2026-05-21 14:37:49.624 +05:30 [INF] 🔍 DEVICE FOUND: Name='', ID=BluetoothLE#BluetoothLE0c:9a:3c:45:78:05-5a:13:c9:7f:8b:9b
2026-05-21 14:37:49.625 +05:30 [INF]   Is Connectable: True
2026-05-21 14:37:49.625 +05:30 [INF]   ❌ Not target device, ignoring
2026-05-21 14:37:50.953 +05:30 [INF] Device removed: BluetoothLE#BluetoothLE0c:9a:3c:45:78:05-6c:17:a2:c6:18:cf
2026-05-21 14:37:50.954 +05:30 [INF] Device removed: BluetoothLE#BluetoothLE0c:9a:3c:45:78:05-7a:9a:ff:53:b9:75
2026-05-21 14:37:52.179 +05:30 [INF] 🔍 DEVICE FOUND: Name='', ID=BluetoothLE#BluetoothLE0c:9a:3c:45:78:05-40:28:5a:28:ee:30
2026-05-21 14:37:52.181 +05:30 [INF]   Is Connectable: True
2026-05-21 14:37:52.181 +05:30 [INF]   ❌ Not target device, ignoring
2026-05-21 14:37:55.945 +05:30 [INF] Device removed: BluetoothLE#BluetoothLE0c:9a:3c:45:78:05-65:78:1f:c1:fc:be
2026-05-21 14:37:57.453 +05:30 [INF] 🔍 DEVICE FOUND: Name='', ID=BluetoothLE#BluetoothLE0c:9a:3c:45:78:05-40:26:61:45:ac:2b
2026-05-21 14:37:57.454 +05:30 [INF]   Is Connectable: True
2026-05-21 14:37:57.454 +05:30 [INF]   ❌ Not target device, ignoring
2026-05-21 14:38:00.467 +05:30 [INF] 🔍 DEVICE FOUND: Name='', ID=BluetoothLE#BluetoothLE0c:9a:3c:45:78:05-69:e4:78:78:fd:cc
2026-05-21 14:38:00.468 +05:30 [INF]   Is Connectable: True
2026-05-21 14:38:00.468 +05:30 [INF]   ❌ Not target device, ignoring
2026-05-21 14:38:00.949 +05:30 [INF] Device removed: BluetoothLE#BluetoothLE0c:9a:3c:45:78:05-5a:13:c9:7f:8b:9b
2026-05-21 14:38:05.772 +05:30 [INF] 🔍 DEVICE FOUND: Name='', ID=BluetoothLE#BluetoothLE0c:9a:3c:45:78:05-54:85:5b:47:ee:69
2026-05-21 14:38:05.773 +05:30 [INF]   Is Connectable: True
2026-05-21 14:38:05.773 +05:30 [INF]   ❌ Not target device, ignoring
2026-05-21 14:38:05.952 +05:30 [INF] Device removed: BluetoothLE#BluetoothLE0c:9a:3c:45:78:05-40:26:61:45:ac:2b
2026-05-21 14:38:05.954 +05:30 [INF] Device removed: BluetoothLE#BluetoothLE0c:9a:3c:45:78:05-40:28:5a:28:ee:30
2026-05-21 14:38:08.280 +05:30 [INF] 🔍 DEVICE FOUND: Name='', ID=BluetoothLE#BluetoothLE0c:9a:3c:45:78:05-41:07:a2:23:82:f9
2026-05-21 14:38:08.281 +05:30 [INF]   Is Connectable: True
2026-05-21 14:38:08.281 +05:30 [INF]   ❌ Not target device, ignoring
2026-05-21 14:38:10.951 +05:30 [INF] Device removed: BluetoothLE#BluetoothLE0c:9a:3c:45:78:05-69:e4:78:78:fd:cc
2026-05-21 14:38:13.557 +05:30 [INF] 🔍 DEVICE FOUND: Name='', ID=BluetoothLE#BluetoothLE0c:9a:3c:45:78:05-64:2f:0f:7e:6d:69
2026-05-21 14:38:13.558 +05:30 [INF]   Is Connectable: True
2026-05-21 14:38:13.558 +05:30 [INF]   ❌ Not target device, ignoring
2026-05-21 14:38:15.952 +05:30 [INF] Device removed: BluetoothLE#BluetoothLE0c:9a:3c:45:78:05-54:85:5b:47:ee:69
2026-05-21 14:38:16.146 +05:30 [INF] 🔍 DEVICE FOUND: Name='', ID=BluetoothLE#BluetoothLE0c:9a:3c:45:78:05-54:cd:bc:89:a6:33
2026-05-21 14:38:16.147 +05:30 [INF]   Is Connectable: True
2026-05-21 14:38:16.147 +05:30 [INF]   ❌ Not target device, ignoring
2026-05-21 14:38:20.945 +05:30 [INF] Device removed: BluetoothLE#BluetoothLE0c:9a:3c:45:78:05-41:07:a2:23:82:f9
2026-05-21 14:38:21.493 +05:30 [INF] 🔍 DEVICE FOUND: Name='', ID=BluetoothLE#BluetoothLE0c:9a:3c:45:78:05-53:d7:9d:36:28:55
2026-05-21 14:38:21.494 +05:30 [INF]   Is Connectable: True
2026-05-21 14:38:21.494 +05:30 [INF]   ❌ Not target device, ignoring
2026-05-21 14:38:23.961 +05:30 [INF] 🔍 DEVICE FOUND: Name='Tirth's S25 FE', ID=BluetoothLE#BluetoothLE0c:9a:3c:45:78:05-4c:66:47:6a:f1:d4
2026-05-21 14:38:23.962 +05:30 [INF]   Is Connectable: True
2026-05-21 14:38:23.963 +05:30 [INF]   Checking name match: 'Tirth's S25 FE' contains 'Tirth's S25 FE'?
2026-05-21 14:38:23.964 +05:30 [INF]   ✅ NAME MATCHED! Found target device: 'Tirth's S25 FE'
2026-05-21 14:38:23.964 +05:30 [INF] 🎯 CONNECTING to Tirth's S25 FE...
2026-05-21 14:38:23.966 +05:30 [INF] Connecting to device: BluetoothLE#BluetoothLE0c:9a:3c:45:78:05-4c:66:47:6a:f1:d4
2026-05-21 14:38:23.989 +05:30 [INF] Device name: Tirth's S25 FE
2026-05-21 14:38:23.991 +05:30 [INF] Device connection status: Disconnected
2026-05-21 14:38:23.997 +05:30 [INF] Device access status: Allowed
2026-05-21 14:38:23.997 +05:30 [INF] Discovering GATT services...
2026-05-21 14:38:24.282 +05:30 [INF] 🔍 DEVICE FOUND: Name='', ID=BluetoothLE#BluetoothLE0c:9a:3c:45:78:05-5a:1a:ec:a7:24:69
2026-05-21 14:38:24.283 +05:30 [INF]   Is Connectable: True
2026-05-21 14:38:24.284 +05:30 [INF]   ❌ Not target device, ignoring
2026-05-21 14:38:24.328 +05:30 [INF] Connection status changed: Connected
2026-05-21 14:38:24.329 +05:30 [INF] Device reconnected!
2026-05-21 14:38:24.330 +05:30 [INF] RSSI monitoring started
2026-05-21 14:38:25.949 +05:30 [INF] Device removed: BluetoothLE#BluetoothLE0c:9a:3c:45:78:05-64:2f:0f:7e:6d:69
2026-05-21 14:38:26.116 +05:30 [INF] ✅ Successfully connected! Found 10 services
2026-05-21 14:38:26.120 +05:30 [INF] TrustStateManager received event: PHONE_CONNECTED
2026-05-21 14:38:26.120 +05:30 [INF] TrustStateManager received event: TRUST_RESTORED
2026-05-21 14:38:26.122 +05:30 [INF] Trust state changed to TRUSTED
2026-05-21 14:38:26.122 +05:30 [INF] RSSI monitoring started
2026-05-21 14:38:26.123 +05:30 [INF] Connection monitoring started
2026-05-21 14:38:28.133 +05:30 [INF] 📊 Average RSSI: -57 dBm
2026-05-21 14:38:29.488 +05:30 [INF] 🔍 DEVICE FOUND: Name='', ID=BluetoothLE#BluetoothLE0c:9a:3c:45:78:05-5b:b6:09:c6:2e:36
2026-05-21 14:38:29.489 +05:30 [INF]   Is Connectable: True
2026-05-21 14:38:29.489 +05:30 [INF]   ❌ Not target device, ignoring
2026-05-21 14:38:30.626 +05:30 [INF] 📊 Average RSSI: -56 dBm
2026-05-21 14:38:30.951 +05:30 [INF] Device removed: BluetoothLE#BluetoothLE0c:9a:3c:45:78:05-53:d7:9d:36:28:55
2026-05-21 14:38:30.952 +05:30 [INF] Device removed: BluetoothLE#BluetoothLE0c:9a:3c:45:78:05-54:cd:bc:89:a6:33
2026-05-21 14:38:30.952 +05:30 [INF] Device removed: BluetoothLE#BluetoothLE0c:9a:3c:45:78:05-6b:b4:0a:09:b8:bd
2026-05-21 14:38:31.985 +05:30 [INF] 🔍 DEVICE FOUND: Name='', ID=BluetoothLE#BluetoothLE0c:9a:3c:45:78:05-47:7f:a6:49:71:88
2026-05-21 14:38:31.986 +05:30 [INF]   Is Connectable: True
2026-05-21 14:38:31.987 +05:30 [INF]   ❌ Not target device, ignoring
2026-05-21 14:38:33.137 +05:30 [INF] 📊 Average RSSI: -65 dBm
2026-05-21 14:38:35.623 +05:30 [INF] 📊 Average RSSI: -72 dBm
2026-05-21 14:38:35.948 +05:30 [INF] Device removed: BluetoothLE#BluetoothLE0c:9a:3c:45:78:05-5a:1a:ec:a7:24:69
2026-05-21 14:38:37.254 +05:30 [INF] 🔍 DEVICE FOUND: Name='', ID=BluetoothLE#BluetoothLE0c:9a:3c:45:78:05-62:eb:88:32:6e:92
2026-05-21 14:38:37.255 +05:30 [INF]   Is Connectable: True
2026-05-21 14:38:37.257 +05:30 [INF]   ❌ Not target device, ignoring
2026-05-21 14:38:38.129 +05:30 [INF] 📊 Average RSSI: -71 dBm
2026-05-21 14:38:40.289 +05:30 [INF] 🔍 DEVICE FOUND: Name='', ID=BluetoothLE#BluetoothLE0c:9a:3c:45:78:05-68:d7:8a:44:ec:fd
2026-05-21 14:38:40.290 +05:30 [INF]   Is Connectable: True
2026-05-21 14:38:40.290 +05:30 [INF]   ❌ Not target device, ignoring
2026-05-21 14:38:40.638 +05:30 [INF] 📊 Average RSSI: -66 dBm
2026-05-21 14:38:40.951 +05:30 [INF] Device removed: BluetoothLE#BluetoothLE0c:9a:3c:45:78:05-5b:b6:09:c6:2e:36
2026-05-21 14:38:43.133 +05:30 [INF] 📊 Average RSSI: -61 dBm
2026-05-21 14:38:45.562 +05:30 [INF] 🔍 DEVICE FOUND: Name='', ID=BluetoothLE#BluetoothLE0c:9a:3c:45:78:05-4f:f6:c8:1e:fa:0a
2026-05-21 14:38:45.562 +05:30 [INF]   Is Connectable: True
2026-05-21 14:38:45.563 +05:30 [INF]   ❌ Not target device, ignoring
2026-05-21 14:38:45.626 +05:30 [INF] 📊 Average RSSI: -57 dBm
2026-05-21 14:38:45.953 +05:30 [INF] Device removed: BluetoothLE#BluetoothLE0c:9a:3c:45:78:05-47:7f:a6:49:71:88
2026-05-21 14:38:45.954 +05:30 [INF] Device removed: BluetoothLE#BluetoothLE0c:9a:3c:45:78:05-62:eb:88:32:6e:92
2026-05-21 14:38:48.137 +05:30 [INF] 📊 Average RSSI: -62 dBm
2026-05-21 14:38:48.144 +05:30 [INF] 🔍 DEVICE FOUND: Name='', ID=BluetoothLE#BluetoothLE0c:9a:3c:45:78:05-6a:f6:4f:a3:ef:01
2026-05-21 14:38:48.144 +05:30 [INF]   Is Connectable: True
2026-05-21 14:38:48.145 +05:30 [INF]   ❌ Not target device, ignoring
2026-05-21 14:38:50.625 +05:30 [INF] 📊 Average RSSI: -59 dBm
2026-05-21 14:38:50.951 +05:30 [INF] Device removed: BluetoothLE#BluetoothLE0c:9a:3c:45:78:05-68:d7:8a:44:ec:fd
2026-05-21 14:38:53.135 +05:30 [INF] 📊 Average RSSI: -58 dBm
2026-05-21 14:38:53.415 +05:30 [INF] 🔍 DEVICE FOUND: Name='', ID=BluetoothLE#BluetoothLE0c:9a:3c:45:78:05-68:fc:b9:02:90:45
2026-05-21 14:38:53.416 +05:30 [INF]   Is Connectable: True
2026-05-21 14:38:53.417 +05:30 [INF]   ❌ Not target device, ignoring
2026-05-21 14:38:55.626 +05:30 [INF] 📊 Average RSSI: -57 dBm
2026-05-21 14:38:55.953 +05:30 [INF] Device removed: BluetoothLE#BluetoothLE0c:9a:3c:45:78:05-4f:f6:c8:1e:fa:0a
2026-05-21 14:38:58.125 +05:30 [INF] 📊 Average RSSI: -60 dBm
2026-05-21 14:39:00.636 +05:30 [INF] 📊 Average RSSI: -59 dBm
2026-05-21 14:39:00.946 +05:30 [INF] Device removed: BluetoothLE#BluetoothLE0c:9a:3c:45:78:05-6a:f6:4f:a3:ef:01
2026-05-21 14:39:03.130 +05:30 [INF] 📊 Average RSSI: -56 dBm
2026-05-21 14:39:05.625 +05:30 [INF] 📊 Average RSSI: -57 dBm
2026-05-21 14:39:08.124 +05:30 [INF] 📊 Average RSSI: -59 dBm
2026-05-21 14:39:10.636 +05:30 [INF] 📊 Average RSSI: -59 dBm
2026-05-21 14:39:13.132 +05:30 [INF] 📊 Average RSSI: -59 dBm
2026-05-21 14:39:15.638 +05:30 [INF] 📊 Average RSSI: -60 dBm
2026-05-21 14:39:18.135 +05:30 [INF] 📊 Average RSSI: -59 dBm
2026-05-21 14:39:20.627 +05:30 [INF] 📊 Average RSSI: -58 dBm
2026-05-21 14:39:23.135 +05:30 [INF] 📊 Average RSSI: -60 dBm
2026-05-21 14:39:25.639 +05:30 [INF] 📊 Average RSSI: -57 dBm
2026-05-21 14:39:28.128 +05:30 [INF] 📊 Average RSSI: -61 dBm
2026-05-21 14:39:30.623 +05:30 [INF] 📊 Average RSSI: -60 dBm
2026-05-21 14:39:33.126 +05:30 [INF] 📊 Average RSSI: -59 dBm
2026-05-21 14:39:35.638 +05:30 [INF] 📊 Average RSSI: -59 dBm
2026-05-21 14:39:38.127 +05:30 [INF] 📊 Average RSSI: -59 dBm
2026-05-21 14:39:40.633 +05:30 [INF] 📊 Average RSSI: -51 dBm
2026-05-21 14:39:43.126 +05:30 [INF] 📊 Average RSSI: -55 dBm
2026-05-21 14:39:43.162 +05:30 [INF] 🔍 DEVICE FOUND: Name='', ID=BluetoothLE#BluetoothLE0c:9a:3c:45:78:05-53:8b:0b:e6:1f:74
2026-05-21 14:39:43.163 +05:30 [INF]   Is Connectable: True
2026-05-21 14:39:43.164 +05:30 [INF]   ❌ Not target device, ignoring
2026-05-21 14:39:45.635 +05:30 [INF] 📊 Average RSSI: -58 dBm
2026-05-21 14:39:48.128 +05:30 [INF] 📊 Average RSSI: -62 dBm
2026-05-21 14:39:50.635 +05:30 [INF] 📊 Average RSSI: -61 dBm
2026-05-21 14:39:50.947 +05:30 [INF] Device removed: BluetoothLE#BluetoothLE0c:9a:3c:45:78:05-68:fc:b9:02:90:45
2026-05-21 14:39:53.130 +05:30 [INF] 📊 Average RSSI: -62 dBm
2026-05-21 14:39:55.543 +05:30 [INF] 🔍 DEVICE FOUND: Name='', ID=BluetoothLE#BluetoothLE0c:9a:3c:45:78:05-01:69:3f:01:90:24
2026-05-21 14:39:55.544 +05:30 [INF]   Is Connectable: True
2026-05-21 14:39:55.545 +05:30 [INF]   ❌ Not target device, ignoring
2026-05-21 14:39:55.623 +05:30 [INF] 📊 Average RSSI: -63 dBm
2026-05-21 14:39:55.839 +05:30 [INF] 🔍 DEVICE FOUND: Name='', ID=BluetoothLE#BluetoothLE0c:9a:3c:45:78:05-0a:22:2f:d9:62:4f
2026-05-21 14:39:55.840 +05:30 [INF]   Is Connectable: True
2026-05-21 14:39:55.841 +05:30 [INF]   ❌ Not target device, ignoring
2026-05-21 14:39:58.136 +05:30 [INF] 📊 Average RSSI: -61 dBm
2026-05-21 14:40:00.624 +05:30 [INF] 📊 Average RSSI: -64 dBm
2026-05-21 14:40:00.949 +05:30 [INF] Device removed: BluetoothLE#BluetoothLE0c:9a:3c:45:78:05-06:55:a2:4e:cf:61
2026-05-21 14:40:00.950 +05:30 [INF] Device removed: BluetoothLE#BluetoothLE0c:9a:3c:45:78:05-10:cf:c0:8a:53:de
2026-05-21 14:40:03.136 +05:30 [INF] 📊 Average RSSI: -62 dBm
2026-05-21 14:40:05.634 +05:30 [INF] 📊 Average RSSI: -62 dBm
2026-05-21 14:40:08.137 +05:30 [INF] 📊 Average RSSI: -63 dBm
2026-05-21 14:40:10.631 +05:30 [INF] 📊 Average RSSI: -62 dBm
2026-05-21 14:40:13.130 +05:30 [INF] 📊 Average RSSI: -64 dBm
2026-05-21 14:40:15.628 +05:30 [INF] 📊 Average RSSI: -63 dBm
2026-05-21 14:40:18.127 +05:30 [INF] 📊 Average RSSI: -64 dBm
2026-05-21 14:40:20.638 +05:30 [INF] 📊 Average RSSI: -62 dBm
2026-05-21 14:40:23.137 +05:30 [INF] 📊 Average RSSI: -63 dBm
2026-05-21 14:40:25.634 +05:30 [INF] 📊 Average RSSI: -66 dBm
2026-05-21 14:40:28.127 +05:30 [INF] 📊 Average RSSI: -62 dBm
2026-05-21 14:40:30.635 +05:30 [INF] 📊 Average RSSI: -62 dBm
2026-05-21 14:40:33.127 +05:30 [INF] 📊 Average RSSI: -62 dBm
2026-05-21 14:40:35.637 +05:30 [INF] 📊 Average RSSI: -64 dBm
2026-05-21 14:40:38.125 +05:30 [INF] 📊 Average RSSI: -62 dBm
2026-05-21 14:40:40.623 +05:30 [INF] 📊 Average RSSI: -62 dBm
2026-05-21 14:40:43.137 +05:30 [INF] 📊 Average RSSI: -63 dBm
2026-05-21 14:40:45.633 +05:30 [INF] 📊 Average RSSI: -62 dBm
2026-05-21 14:40:48.126 +05:30 [INF] 📊 Average RSSI: -62 dBm
2026-05-21 14:40:50.625 +05:30 [INF] 📊 Average RSSI: -62 dBm
2026-05-21 14:40:53.136 +05:30 [INF] 📊 Average RSSI: -60 dBm
2026-05-21 14:40:55.635 +05:30 [INF] 📊 Average RSSI: -61 dBm
2026-05-21 14:40:58.126 +05:30 [INF] 📊 Average RSSI: -62 dBm
2026-05-21 14:41:00.635 +05:30 [INF] 📊 Average RSSI: -62 dBm
2026-05-21 14:41:03.133 +05:30 [INF] 📊 Average RSSI: -61 dBm
2026-05-21 14:41:05.624 +05:30 [INF] 📊 Average RSSI: -64 dBm
2026-05-21 14:41:08.138 +05:30 [INF] 📊 Average RSSI: -62 dBm
2026-05-21 14:41:10.633 +05:30 [INF] 📊 Average RSSI: -62 dBm
2026-05-21 14:41:13.125 +05:30 [INF] 📊 Average RSSI: -63 dBm
2026-05-21 14:41:15.625 +05:30 [INF] 📊 Average RSSI: -63 dBm
2026-05-21 14:41:18.135 +05:30 [INF] 📊 Average RSSI: -62 dBm
2026-05-21 14:41:20.626 +05:30 [INF] 📊 Average RSSI: -62 dBm
2026-05-21 14:41:23.131 +05:30 [INF] 📊 Average RSSI: -62 dBm
2026-05-21 14:41:25.625 +05:30 [INF] 📊 Average RSSI: -63 dBm
2026-05-21 14:41:28.137 +05:30 [INF] 📊 Average RSSI: -65 dBm
2026-05-21 14:41:30.628 +05:30 [INF] 📊 Average RSSI: -64 dBm
2026-05-21 14:41:33.127 +05:30 [INF] 📊 Average RSSI: -63 dBm
2026-05-21 14:41:35.637 +05:30 [INF] 📊 Average RSSI: -62 dBm
2026-05-21 14:41:38.132 +05:30 [INF] 📊 Average RSSI: -63 dBm
2026-05-21 14:41:40.624 +05:30 [INF] 📊 Average RSSI: -58 dBm
2026-05-21 14:41:43.136 +05:30 [INF] 📊 Average RSSI: -56 dBm
2026-05-21 14:41:45.632 +05:30 [INF] 📊 Average RSSI: -57 dBm
2026-05-21 14:41:48.138 +05:30 [INF] 📊 Average RSSI: -59 dBm
2026-05-21 14:41:50.625 +05:30 [INF] 📊 Average RSSI: -59 dBm
2026-05-21 14:41:53.129 +05:30 [INF] 📊 Average RSSI: -60 dBm
2026-05-21 14:41:55.629 +05:30 [INF] 📊 Average RSSI: -60 dBm
2026-05-21 14:41:58.129 +05:30 [INF] 📊 Average RSSI: -62 dBm
2026-05-21 14:42:00.631 +05:30 [INF] 📊 Average RSSI: -65 dBm
2026-05-21 14:42:03.128 +05:30 [INF] 📊 Average RSSI: -50 dBm
2026-05-21 14:42:05.623 +05:30 [INF] 📊 Average RSSI: -53 dBm
2026-05-21 14:42:08.138 +05:30 [INF] 📊 Average RSSI: -50 dBm
2026-05-21 14:42:10.625 +05:30 [INF] 📊 Average RSSI: -51 dBm
2026-05-21 14:42:11.602 +05:30 [INF] 🔍 DEVICE FOUND: Name='', ID=BluetoothLE#BluetoothLE0c:9a:3c:45:78:05-16:e4:4f:f7:18:a6
2026-05-21 14:42:11.603 +05:30 [INF]   Is Connectable: True
2026-05-21 14:42:11.603 +05:30 [INF]   ❌ Not target device, ignoring
2026-05-21 14:42:11.869 +05:30 [INF] 🔍 DEVICE FOUND: Name='', ID=BluetoothLE#BluetoothLE0c:9a:3c:45:78:05-00:db:54:65:d6:40
2026-05-21 14:42:11.870 +05:30 [INF]   Is Connectable: True
2026-05-21 14:42:11.871 +05:30 [INF]   ❌ Not target device, ignoring
2026-05-21 14:42:13.138 +05:30 [INF] 📊 Average RSSI: -52 dBm
2026-05-21 14:42:15.627 +05:30 [INF] 📊 Average RSSI: -52 dBm
2026-05-21 14:42:18.138 +05:30 [INF] 📊 Average RSSI: -52 dBm
2026-05-21 14:42:20.625 +05:30 [INF] 📊 Average RSSI: -54 dBm
2026-05-21 14:42:20.951 +05:30 [INF] Device removed: BluetoothLE#BluetoothLE0c:9a:3c:45:78:05-01:69:3f:01:90:24
2026-05-21 14:42:20.952 +05:30 [INF] Device removed: BluetoothLE#BluetoothLE0c:9a:3c:45:78:05-0a:22:2f:d9:62:4f
2026-05-21 14:42:23.123 +05:30 [INF] 📊 Average RSSI: -58 dBm
2026-05-21 14:42:25.630 +05:30 [INF] 📊 Average RSSI: -59 dBm
2026-05-21 14:42:28.137 +05:30 [INF] 📊 Average RSSI: -58 dBm
2026-05-21 14:42:30.627 +05:30 [INF] 📊 Average RSSI: -46 dBm
2026-05-21 14:42:33.138 +05:30 [INF] 📊 Average RSSI: -48 dBm
2026-05-21 14:42:35.628 +05:30 [INF] 📊 Average RSSI: -51 dBm
2026-05-21 14:42:38.128 +05:30 [INF] 📊 Average RSSI: -57 dBm
2026-05-21 14:42:40.635 +05:30 [INF] 📊 Average RSSI: -51 dBm
2026-05-21 14:42:43.124 +05:30 [INF] 📊 Average RSSI: -64 dBm
2026-05-21 14:42:43.197 +05:30 [INF] 🔍 DEVICE FOUND: Name='', ID=BluetoothLE#BluetoothLE0c:9a:3c:45:78:05-51:e5:dd:48:80:c5
2026-05-21 14:42:43.198 +05:30 [INF]   Is Connectable: True
2026-05-21 14:42:43.198 +05:30 [INF]   ❌ Not target device, ignoring
2026-05-21 14:42:45.628 +05:30 [INF] 📊 Average RSSI: -56 dBm
2026-05-21 14:42:48.132 +05:30 [INF] 📊 Average RSSI: -57 dBm
2026-05-21 14:42:48.686 +05:30 [INF] 🔍 DEVICE FOUND: Name='', ID=BluetoothLE#BluetoothLE0c:9a:3c:45:78:05-54:03:84:6c:5c:44
2026-05-21 14:42:48.687 +05:30 [INF]   Is Connectable: True
2026-05-21 14:42:48.688 +05:30 [INF]   ❌ Not target device, ignoring
2026-05-21 14:42:50.626 +05:30 [INF] 📊 Average RSSI: -60 dBm
2026-05-21 14:42:50.952 +05:30 [INF] Device removed: BluetoothLE#BluetoothLE0c:9a:3c:45:78:05-53:8b:0b:e6:1f:74
2026-05-21 14:42:53.136 +05:30 [INF] 📊 Average RSSI: -54 dBm
2026-05-21 14:42:55.637 +05:30 [INF] 📊 Average RSSI: -55 dBm
2026-05-21 14:42:58.127 +05:30 [INF] 📊 Average RSSI: -55 dBm
2026-05-21 14:43:00.626 +05:30 [INF] 📊 Average RSSI: -56 dBm
2026-05-21 14:43:03.123 +05:30 [INF] 📊 Average RSSI: -55 dBm
2026-05-21 14:43:05.628 +05:30 [INF] 📊 Average RSSI: -55 dBm
2026-05-21 14:43:05.954 +05:30 [INF] Device removed: BluetoothLE#BluetoothLE0c:9a:3c:45:78:05-54:03:84:6c:5c:44
2026-05-21 14:43:08.133 +05:30 [INF] 📊 Average RSSI: -56 dBm
2026-05-21 14:43:10.626 +05:30 [INF] 📊 Average RSSI: -58 dBm
2026-05-21 14:43:13.134 +05:30 [INF] 📊 Average RSSI: -52 dBm
2026-05-21 14:43:15.638 +05:30 [INF] 📊 Average RSSI: -50 dBm
2026-05-21 14:43:18.126 +05:30 [INF] 📊 Average RSSI: -51 dBm
2026-05-21 14:43:20.638 +05:30 [INF] 📊 Average RSSI: -50 dBm
2026-05-21 14:43:23.127 +05:30 [INF] 📊 Average RSSI: -54 dBm
2026-05-21 14:43:25.634 +05:30 [INF] 📊 Average RSSI: -56 dBm
2026-05-21 14:43:28.125 +05:30 [INF] 📊 Average RSSI: -56 dBm
2026-05-21 14:43:30.632 +05:30 [INF] 📊 Average RSSI: -57 dBm
2026-05-21 14:43:33.123 +05:30 [INF] 📊 Average RSSI: -58 dBm
2026-05-21 14:43:35.626 +05:30 [INF] 📊 Average RSSI: -59 dBm
2026-05-21 14:43:38.136 +05:30 [INF] 📊 Average RSSI: -58 dBm
2026-05-21 14:43:40.636 +05:30 [INF] 📊 Average RSSI: -58 dBm
2026-05-21 14:43:43.138 +05:30 [INF] 📊 Average RSSI: -57 dBm
2026-05-21 14:43:45.626 +05:30 [INF] 📊 Average RSSI: -57 dBm
2026-05-21 14:43:48.130 +05:30 [INF] 📊 Average RSSI: -53 dBm
2026-05-21 14:43:50.623 +05:30 [INF] 📊 Average RSSI: -53 dBm
2026-05-21 14:43:53.126 +05:30 [INF] 📊 Average RSSI: -55 dBm
2026-05-21 14:43:55.623 +05:30 [INF] 📊 Average RSSI: -51 dBm
2026-05-21 14:43:58.129 +05:30 [INF] 📊 Average RSSI: -51 dBm
2026-05-21 14:44:00.625 +05:30 [INF] 📊 Average RSSI: -54 dBm
2026-05-21 14:44:03.133 +05:30 [INF] 📊 Average RSSI: -51 dBm
2026-05-21 14:44:05.627 +05:30 [INF] 📊 Average RSSI: -50 dBm
2026-05-21 14:44:08.131 +05:30 [INF] 📊 Average RSSI: -48 dBm
2026-05-21 14:44:10.635 +05:30 [INF] 📊 Average RSSI: -48 dBm
2026-05-21 14:44:13.126 +05:30 [INF] 📊 Average RSSI: -47 dBm
2026-05-21 14:44:15.631 +05:30 [INF] 📊 Average RSSI: -52 dBm
2026-05-21 14:44:18.135 +05:30 [INF] 📊 Average RSSI: -54 dBm
2026-05-21 14:44:20.625 +05:30 [INF] 📊 Average RSSI: -55 dBm
2026-05-21 14:44:23.131 +05:30 [INF] 📊 Average RSSI: -56 dBm
2026-05-21 14:44:25.638 +05:30 [INF] 📊 Average RSSI: -55 dBm
2026-05-21 14:44:28.124 +05:30 [INF] 📊 Average RSSI: -55 dBm
2026-05-21 14:44:30.632 +05:30 [INF] 📊 Average RSSI: -56 dBm
2026-05-21 14:44:33.124 +05:30 [INF] 📊 Average RSSI: -58 dBm
2026-05-21 14:44:35.624 +05:30 [INF] 📊 Average RSSI: -57 dBm
2026-05-21 14:44:38.134 +05:30 [INF] 📊 Average RSSI: -56 dBm
2026-05-21 14:44:40.627 +05:30 [INF] 📊 Average RSSI: -53 dBm
2026-05-21 14:44:43.131 +05:30 [INF] 📊 Average RSSI: -54 dBm
2026-05-21 14:44:45.636 +05:30 [INF] 📊 Average RSSI: -53 dBm
2026-05-21 14:44:48.127 +05:30 [INF] 📊 Average RSSI: -52 dBm
2026-05-21 14:44:50.638 +05:30 [INF] 📊 Average RSSI: -58 dBm
2026-05-21 14:44:53.126 +05:30 [INF] 📊 Average RSSI: -61 dBm
2026-05-21 14:44:55.635 +05:30 [INF] 📊 Average RSSI: -62 dBm
2026-05-21 14:44:58.123 +05:30 [INF] 📊 Average RSSI: -60 dBm
2026-05-21 14:44:58.185 +05:30 [INF] 🔍 DEVICE FOUND: Name='', ID=BluetoothLE#BluetoothLE0c:9a:3c:45:78:05-12:cb:d1:35:20:20
2026-05-21 14:44:58.187 +05:30 [INF]   Is Connectable: True
2026-05-21 14:44:58.187 +05:30 [INF]   ❌ Not target device, ignoring
2026-05-21 14:44:58.763 +05:30 [INF] 🔍 DEVICE FOUND: Name='', ID=BluetoothLE#BluetoothLE0c:9a:3c:45:78:05-2f:8b:b9:cf:bf:90
2026-05-21 14:44:58.764 +05:30 [INF]   Is Connectable: True
2026-05-21 14:44:58.765 +05:30 [INF]   ❌ Not target device, ignoring
2026-05-21 14:45:00.625 +05:30 [INF] 📊 Average RSSI: -57 dBm
2026-05-21 14:45:03.138 +05:30 [INF] 📊 Average RSSI: -59 dBm
2026-05-21 14:45:05.631 +05:30 [INF] 📊 Average RSSI: -56 dBm
2026-05-21 14:45:05.940 +05:30 [INF] Device removed: BluetoothLE#BluetoothLE0c:9a:3c:45:78:05-00:db:54:65:d6:40
2026-05-21 14:45:05.941 +05:30 [INF] Device removed: BluetoothLE#BluetoothLE0c:9a:3c:45:78:05-16:e4:4f:f7:18:a6
2026-05-21 14:45:08.138 +05:30 [INF] 📊 Average RSSI: -58 dBm
2026-05-21 14:45:10.627 +05:30 [INF] 📊 Average RSSI: -56 dBm
2026-05-21 14:45:13.137 +05:30 [INF] 📊 Average RSSI: -55 dBm
2026-05-21 14:45:15.627 +05:30 [INF] 📊 Average RSSI: -55 dBm
2026-05-21 14:45:18.124 +05:30 [INF] 📊 Average RSSI: -55 dBm
2026-05-21 14:45:20.629 +05:30 [INF] 📊 Average RSSI: -53 dBm
2026-05-21 14:45:23.125 +05:30 [INF] 📊 Average RSSI: -56 dBm
2026-05-21 14:45:25.630 +05:30 [INF] 📊 Average RSSI: -55 dBm
2026-05-21 14:45:28.127 +05:30 [INF] 📊 Average RSSI: -57 dBm
2026-05-21 14:45:30.632 +05:30 [INF] 📊 Average RSSI: -58 dBm
2026-05-21 14:45:33.124 +05:30 [INF] 📊 Average RSSI: -54 dBm
2026-05-21 14:45:35.632 +05:30 [INF] 📊 Average RSSI: -57 dBm
2026-05-21 14:45:38.138 +05:30 [INF] 📊 Average RSSI: -57 dBm
2026-05-21 14:45:40.632 +05:30 [INF] 📊 Average RSSI: -56 dBm
2026-05-21 14:45:43.137 +05:30 [INF] 📊 Average RSSI: -58 dBm
2026-05-21 14:45:45.632 +05:30 [INF] 📊 Average RSSI: -56 dBm
2026-05-21 14:45:48.134 +05:30 [INF] 📊 Average RSSI: -60 dBm
2026-05-21 14:45:50.468 +05:30 [INF] 🔍 DEVICE FOUND: Name='Tirth's S25 FE', ID=BluetoothLE#BluetoothLE0c:9a:3c:45:78:05-5e:92:de:e7:3e:98
2026-05-21 14:45:50.469 +05:30 [INF]   Is Connectable: True
2026-05-21 14:45:50.469 +05:30 [INF]   Checking name match: 'Tirth's S25 FE' contains 'Tirth's S25 FE'?
2026-05-21 14:45:50.470 +05:30 [INF]   ✅ NAME MATCHED! Found target device: 'Tirth's S25 FE'
2026-05-21 14:45:50.471 +05:30 [INF] 🎯 CONNECTING to Tirth's S25 FE...
2026-05-21 14:45:50.471 +05:30 [INF] Already connected to a device
2026-05-21 14:45:50.630 +05:30 [INF] 📊 Average RSSI: -56 dBm
2026-05-21 14:45:53.124 +05:30 [INF] 📊 Average RSSI: -57 dBm
2026-05-21 14:45:55.630 +05:30 [INF] 📊 Average RSSI: -57 dBm
2026-05-21 14:45:55.940 +05:30 [INF] Device removed: BluetoothLE#BluetoothLE0c:9a:3c:45:78:05-4c:66:47:6a:f1:d4
2026-05-21 14:45:55.941 +05:30 [WRN] Target device removed from enumeration
2026-05-21 14:45:55.942 +05:30 [WRN] Handling disconnection...
2026-05-21 14:45:55.943 +05:30 [INF] RSSI and connection monitoring stopped
2026-05-21 14:45:55.944 +05:30 [INF] TrustStateManager received event: PHONE_DISCONNECTED
2026-05-21 14:45:55.944 +05:30 [WRN] Enforcing lockdown due to TRUST_LOST
2026-05-21 14:45:55.945 +05:30 [INF] TrustStateManager received event: TRUST_LOST
2026-05-21 14:45:55.946 +05:30 [WRN] Trust lost – enforcement will lock
2026-05-21 14:45:55.946 +05:30 [INF] Trust state changed to LIMITED
2026-05-21 14:45:55.947 +05:30 [ERR] 🔒 Device disconnected - LOCKING WORKSTATION!
2026-05-21 14:45:55.948 +05:30 [INF] Attempting to reconnect (1/5)...
2026-05-21 14:46:02.961 +05:30 [INF] 🔍 DEVICE FOUND: Name='', ID=BluetoothLE#BluetoothLE0c:9a:3c:45:78:05-28:11:8b:f8:13:14
2026-05-21 14:46:02.962 +05:30 [INF]   Is Connectable: True
2026-05-21 14:46:02.963 +05:30 [INF]   ❌ Not target device, ignoring
2026-05-21 14:46:02.964 +05:30 [INF] 🔍 DEVICE FOUND: Name='', ID=BluetoothLE#BluetoothLE0c:9a:3c:45:78:05-21:1f:8e:d2:55:29
2026-05-21 14:46:02.965 +05:30 [INF]   Is Connectable: True
2026-05-21 14:46:02.965 +05:30 [INF]   ❌ Not target device, ignoring
2026-05-21 14:46:10.947 +05:30 [INF] Device removed: BluetoothLE#BluetoothLE0c:9a:3c:45:78:05-12:cb:d1:35:20:20
2026-05-21 14:46:10.948 +05:30 [INF] Device removed: BluetoothLE#BluetoothLE0c:9a:3c:45:78:05-2f:8b:b9:cf:bf:90
2026-05-21 14:46:30.526 +05:30 [INF] Tether Communication Service is stopping
2026-05-21 14:46:30.532 +05:30 [INF] Stopping BLE Manager...
2026-05-21 14:46:30.533 +05:30 [INF] RSSI and connection monitoring stopped
2026-05-21 14:46:30.537 +05:30 [INF] BLE Manager stopped
2026-05-21 15:02:43.648 +05:30 [INF] TrustStateManager initialized
2026-05-21 15:02:43.694 +05:30 [INF] EnforcementManager ready
2026-05-21 15:02:43.696 +05:30 [INF] RecoveryManager initialized (skeleton)
2026-05-21 15:02:43.698 +05:30 [INF] Pipe server started
2026-05-21 15:02:43.699 +05:30 [INF] BLE Manager starting...
2026-05-21 15:02:45.480 +05:30 [INF] Named pipe server waiting for connection on TetherPipe...
2026-05-21 15:02:46.024 +05:30 [INF] BLE scanning started...
2026-05-21 15:02:46.025 +05:30 [INF] All services initialized. Starting host...
2026-05-21 15:02:46.034 +05:30 [INF] 🔍 DEVICE FOUND: Name='', ID=BluetoothLE#BluetoothLE0c:9a:3c:45:78:05-21:1f:8e:d2:55:29
2026-05-21 15:02:46.060 +05:30 [INF] Tether Communication Service started successfully
2026-05-21 15:02:46.064 +05:30 [INF]   Is Connectable: False
2026-05-21 15:02:46.065 +05:30 [INF] 🔍 DEVICE FOUND: Name='EMBERTON II [LE]', ID=BluetoothLE#BluetoothLE0c:9a:3c:45:78:05-51:e5:dd:48:80:c5
2026-05-21 15:02:46.066 +05:30 [INF]   Is Connectable: False
2026-05-21 15:02:46.066 +05:30 [INF] 🔍 DEVICE FOUND: Name='', ID=BluetoothLE#BluetoothLE0c:9a:3c:45:78:05-28:11:8b:f8:13:14
2026-05-21 15:02:46.067 +05:30 [INF]   Is Connectable: False
2026-05-21 15:02:46.068 +05:30 [INF] 🔍 DEVICE FOUND: Name='Tirth's S25 FE', ID=BluetoothLE#BluetoothLE0c:9a:3c:45:78:05-5e:92:de:e7:3e:98
2026-05-21 15:02:46.068 +05:30 [INF]   Is Connectable: False
2026-05-21 15:02:46.069 +05:30 [INF] 🔍 DEVICE FOUND: Name='', ID=BluetoothLE#BluetoothLE0c:9a:3c:45:78:05-12:cb:d1:35:20:20
2026-05-21 15:02:46.070 +05:30 [INF]   Is Connectable: False
2026-05-21 15:02:46.070 +05:30 [INF] 🔍 DEVICE FOUND: Name='', ID=BluetoothLE#BluetoothLE0c:9a:3c:45:78:05-2f:8b:b9:cf:bf:90
2026-05-21 15:02:46.071 +05:30 [INF]   Is Connectable: False
2026-05-21 15:02:46.072 +05:30 [INF] 🔍 DEVICE FOUND: Name='Tirth's S25 FE', ID=BluetoothLE#BluetoothLE0c:9a:3c:45:78:05-4c:66:47:6a:f1:d4
2026-05-21 15:02:46.072 +05:30 [INF]   Is Connectable: False
2026-05-21 15:02:46.073 +05:30 [INF] 🔍 DEVICE FOUND: Name='', ID=BluetoothLE#BluetoothLE0c:9a:3c:45:78:05-16:e4:4f:f7:18:a6
2026-05-21 15:02:46.074 +05:30 [INF]   Is Connectable: False
2026-05-21 15:02:46.075 +05:30 [INF] 🔍 DEVICE FOUND: Name='', ID=BluetoothLE#BluetoothLE0c:9a:3c:45:78:05-00:db:54:65:d6:40
2026-05-21 15:02:46.075 +05:30 [INF]   Is Connectable: False
2026-05-21 15:02:46.076 +05:30 [INF] 🔍 DEVICE FOUND: Name='', ID=BluetoothLE#BluetoothLE0c:9a:3c:45:78:05-54:03:84:6c:5c:44
2026-05-21 15:02:46.077 +05:30 [INF]   Is Connectable: False
2026-05-21 15:02:46.077 +05:30 [INF] 🔍 DEVICE FOUND: Name='EMBERTON II [LE]', ID=BluetoothLE#BluetoothLE0c:9a:3c:45:78:05-53:8b:0b:e6:1f:74
2026-05-21 15:02:46.078 +05:30 [INF]   Is Connectable: False
2026-05-21 15:02:46.079 +05:30 [INF] 🔍 DEVICE FOUND: Name='', ID=BluetoothLE#BluetoothLE0c:9a:3c:45:78:05-0a:22:2f:d9:62:4f
2026-05-21 15:02:46.079 +05:30 [INF]   Is Connectable: False
2026-05-21 15:02:46.083 +05:30 [INF] 🔍 DEVICE FOUND: Name='', ID=BluetoothLE#BluetoothLE0c:9a:3c:45:78:05-01:69:3f:01:90:24
2026-05-21 15:02:46.084 +05:30 [INF]   Is Connectable: False
2026-05-21 15:02:46.085 +05:30 [INF] 🔍 DEVICE FOUND: Name='', ID=BluetoothLE#BluetoothLE0c:9a:3c:45:78:05-06:55:a2:4e:cf:61
2026-05-21 15:02:46.085 +05:30 [INF]   Is Connectable: False
2026-05-21 15:02:46.086 +05:30 [INF] 🔍 DEVICE FOUND: Name='', ID=BluetoothLE#BluetoothLE0c:9a:3c:45:78:05-10:cf:c0:8a:53:de
2026-05-21 15:02:46.087 +05:30 [INF]   Is Connectable: False
2026-05-21 15:02:46.087 +05:30 [INF] 🔍 DEVICE FOUND: Name='EMBERTON II [LE]', ID=BluetoothLE#BluetoothLE0c:9a:3c:45:78:05-68:fc:b9:02:90:45
2026-05-21 15:02:46.088 +05:30 [INF]   Is Connectable: False
2026-05-21 15:02:46.089 +05:30 [INF] 🔍 DEVICE FOUND: Name='EMBERTON II [LE]', ID=BluetoothLE#BluetoothLE0c:9a:3c:45:78:05-6a:f6:4f:a3:ef:01
2026-05-21 15:02:46.089 +05:30 [INF]   Is Connectable: False
2026-05-21 15:02:46.090 +05:30 [INF] 🔍 DEVICE FOUND: Name='EMBERTON II [LE]', ID=BluetoothLE#BluetoothLE0c:9a:3c:45:78:05-4f:f6:c8:1e:fa:0a
2026-05-21 15:02:46.091 +05:30 [INF]   Is Connectable: False
2026-05-21 15:02:46.091 +05:30 [INF] 🔍 DEVICE FOUND: Name='EMBERTON II [LE]', ID=BluetoothLE#BluetoothLE0c:9a:3c:45:78:05-68:d7:8a:44:ec:fd
2026-05-21 15:02:46.092 +05:30 [INF]   Is Connectable: False
2026-05-21 15:02:46.093 +05:30 [INF] 🔍 DEVICE FOUND: Name='EMBERTON II [LE]', ID=BluetoothLE#BluetoothLE0c:9a:3c:45:78:05-62:eb:88:32:6e:92
2026-05-21 15:02:46.093 +05:30 [INF]   Is Connectable: False
2026-05-21 15:02:46.094 +05:30 [INF] 🔍 DEVICE FOUND: Name='EMBERTON II [LE]', ID=BluetoothLE#BluetoothLE0c:9a:3c:45:78:05-47:7f:a6:49:71:88
2026-05-21 15:02:46.095 +05:30 [INF]   Is Connectable: False
2026-05-21 15:02:46.098 +05:30 [INF] 🔍 DEVICE FOUND: Name='EMBERTON II [LE]', ID=BluetoothLE#BluetoothLE0c:9a:3c:45:78:05-5b:b6:09:c6:2e:36
2026-05-21 15:02:46.099 +05:30 [INF]   Is Connectable: False
2026-05-21 15:02:46.099 +05:30 [INF] 🔍 DEVICE FOUND: Name='EMBERTON II [LE]', ID=BluetoothLE#BluetoothLE0c:9a:3c:45:78:05-5a:1a:ec:a7:24:69
2026-05-21 15:02:46.100 +05:30 [INF]   Is Connectable: False
2026-05-21 15:02:46.101 +05:30 [INF] 🔍 DEVICE FOUND: Name='EMBERTON II [LE]', ID=BluetoothLE#BluetoothLE0c:9a:3c:45:78:05-53:d7:9d:36:28:55
2026-05-21 15:02:46.101 +05:30 [INF]   Is Connectable: False
2026-05-21 15:02:46.102 +05:30 [INF] 🔍 DEVICE FOUND: Name='Tirth's S25 FE', ID=BluetoothLE#BluetoothLE0c:9a:3c:45:78:05-6b:b4:0a:09:b8:bd
2026-05-21 15:02:46.103 +05:30 [INF]   Is Connectable: False
2026-05-21 15:02:46.104 +05:30 [INF] 🔍 DEVICE FOUND: Name='EMBERTON II [LE]', ID=BluetoothLE#BluetoothLE0c:9a:3c:45:78:05-54:cd:bc:89:a6:33
2026-05-21 15:02:46.104 +05:30 [INF]   Is Connectable: False
2026-05-21 15:02:46.105 +05:30 [INF] 🔍 DEVICE FOUND: Name='EMBERTON II [LE]', ID=BluetoothLE#BluetoothLE0c:9a:3c:45:78:05-64:2f:0f:7e:6d:69
2026-05-21 15:02:46.106 +05:30 [INF]   Is Connectable: False
2026-05-21 15:02:46.107 +05:30 [INF] 🔍 DEVICE FOUND: Name='EMBERTON II [LE]', ID=BluetoothLE#BluetoothLE0c:9a:3c:45:78:05-41:07:a2:23:82:f9
2026-05-21 15:02:46.107 +05:30 [INF]   Is Connectable: False
2026-05-21 15:02:46.108 +05:30 [INF] 🔍 DEVICE FOUND: Name='EMBERTON II [LE]', ID=BluetoothLE#BluetoothLE0c:9a:3c:45:78:05-54:85:5b:47:ee:69
2026-05-21 15:02:46.109 +05:30 [INF]   Is Connectable: False
2026-05-21 15:02:46.109 +05:30 [INF] 🔍 DEVICE FOUND: Name='EMBERTON II [LE]', ID=BluetoothLE#BluetoothLE0c:9a:3c:45:78:05-69:e4:78:78:fd:cc
2026-05-21 15:02:46.110 +05:30 [INF]   Is Connectable: False
2026-05-21 15:02:46.111 +05:30 [INF] 🔍 DEVICE FOUND: Name='EMBERTON II [LE]', ID=BluetoothLE#BluetoothLE0c:9a:3c:45:78:05-40:26:61:45:ac:2b
2026-05-21 15:02:46.114 +05:30 [INF]   Is Connectable: False
2026-05-21 15:02:46.115 +05:30 [INF] 🔍 DEVICE FOUND: Name='EMBERTON II [LE]', ID=BluetoothLE#BluetoothLE0c:9a:3c:45:78:05-40:28:5a:28:ee:30
2026-05-21 15:02:46.116 +05:30 [INF]   Is Connectable: False
2026-05-21 15:02:46.117 +05:30 [INF] 🔍 DEVICE FOUND: Name='EMBERTON II [LE]', ID=BluetoothLE#BluetoothLE0c:9a:3c:45:78:05-5a:13:c9:7f:8b:9b
2026-05-21 15:02:46.118 +05:30 [INF]   Is Connectable: False
2026-05-21 15:02:46.119 +05:30 [INF] 🔍 DEVICE FOUND: Name='EMBERTON II [LE]', ID=BluetoothLE#BluetoothLE0c:9a:3c:45:78:05-65:78:1f:c1:fc:be
2026-05-21 15:02:46.119 +05:30 [INF]   Is Connectable: False
2026-05-21 15:02:46.120 +05:30 [INF] 🔍 DEVICE FOUND: Name='EMBERTON II [LE]', ID=BluetoothLE#BluetoothLE0c:9a:3c:45:78:05-6c:17:a2:c6:18:cf
2026-05-21 15:02:46.121 +05:30 [INF]   Is Connectable: False
2026-05-21 15:02:46.121 +05:30 [INF] 🔍 DEVICE FOUND: Name='EMBERTON II [LE]', ID=BluetoothLE#BluetoothLE0c:9a:3c:45:78:05-7a:9a:ff:53:b9:75
2026-05-21 15:02:46.122 +05:30 [INF]   Is Connectable: False
2026-05-21 15:02:46.123 +05:30 [INF] 🔍 DEVICE FOUND: Name='EMBERTON II [LE]', ID=BluetoothLE#BluetoothLE0c:9a:3c:45:78:05-58:18:35:c1:07:79
2026-05-21 15:02:46.123 +05:30 [INF]   Is Connectable: False
2026-05-21 15:02:46.124 +05:30 [INF] 🔍 DEVICE FOUND: Name='EMBERTON II [LE]', ID=BluetoothLE#BluetoothLE0c:9a:3c:45:78:05-61:c1:c3:70:b6:d7
2026-05-21 15:02:46.125 +05:30 [INF]   Is Connectable: False
2026-05-21 15:02:46.125 +05:30 [INF] 🔍 DEVICE FOUND: Name='EMBERTON II [LE]', ID=BluetoothLE#BluetoothLE0c:9a:3c:45:78:05-51:07:de:b3:96:3c
2026-05-21 15:02:46.126 +05:30 [INF]   Is Connectable: False
2026-05-21 15:02:46.127 +05:30 [INF] 🔍 DEVICE FOUND: Name='EMBERTON II [LE]', ID=BluetoothLE#BluetoothLE0c:9a:3c:45:78:05-6d:d0:21:7a:2c:fd
2026-05-21 15:02:46.130 +05:30 [INF]   Is Connectable: False
2026-05-21 15:02:46.131 +05:30 [INF] 🔍 DEVICE FOUND: Name='EMBERTON II [LE]', ID=BluetoothLE#BluetoothLE0c:9a:3c:45:78:05-59:d5:89:76:0f:6c
2026-05-21 15:02:46.131 +05:30 [INF]   Is Connectable: False
2026-05-21 15:02:46.132 +05:30 [INF] 🔍 DEVICE FOUND: Name='EMBERTON II [LE]', ID=BluetoothLE#BluetoothLE0c:9a:3c:45:78:05-66:35:3f:c7:1d:79
2026-05-21 15:02:46.133 +05:30 [INF]   Is Connectable: False
2026-05-21 15:02:46.133 +05:30 [INF] 🔍 DEVICE FOUND: Name='EMBERTON II [LE]', ID=BluetoothLE#BluetoothLE0c:9a:3c:45:78:05-5a:31:c0:bc:fa:ff
2026-05-21 15:02:46.134 +05:30 [INF]   Is Connectable: False
2026-05-21 15:02:46.135 +05:30 [INF] 🔍 DEVICE FOUND: Name='EMBERTON II [LE]', ID=BluetoothLE#BluetoothLE0c:9a:3c:45:78:05-45:fa:e7:93:98:a4
2026-05-21 15:02:46.135 +05:30 [INF]   Is Connectable: False
2026-05-21 15:02:46.136 +05:30 [INF] 🔍 DEVICE FOUND: Name='EMBERTON II [LE]', ID=BluetoothLE#BluetoothLE0c:9a:3c:45:78:05-63:30:50:87:5c:17
2026-05-21 15:02:46.137 +05:30 [INF]   Is Connectable: False
2026-05-21 15:02:46.137 +05:30 [INF] 🔍 DEVICE FOUND: Name='EMBERTON II [LE]', ID=BluetoothLE#BluetoothLE0c:9a:3c:45:78:05-62:b6:d3:bc:82:9c
2026-05-21 15:02:46.138 +05:30 [INF]   Is Connectable: False
2026-05-21 15:02:46.139 +05:30 [INF] 🔍 DEVICE FOUND: Name='EMBERTON II [LE]', ID=BluetoothLE#BluetoothLE0c:9a:3c:45:78:05-7d:a4:90:3c:6d:cd
2026-05-21 15:02:46.140 +05:30 [INF]   Is Connectable: False
2026-05-21 15:02:46.140 +05:30 [INF] 🔍 DEVICE FOUND: Name='EMBERTON II [LE]', ID=BluetoothLE#BluetoothLE0c:9a:3c:45:78:05-6d:e0:51:67:cb:34
2026-05-21 15:02:46.141 +05:30 [INF]   Is Connectable: False
2026-05-21 15:02:46.142 +05:30 [INF] 🔍 DEVICE FOUND: Name='EMBERTON II [LE]', ID=BluetoothLE#BluetoothLE0c:9a:3c:45:78:05-50:6b:b8:6d:df:72
2026-05-21 15:02:46.142 +05:30 [INF]   Is Connectable: False
2026-05-21 15:02:46.143 +05:30 [INF] 🔍 DEVICE FOUND: Name='EMBERTON II [LE]', ID=BluetoothLE#BluetoothLE0c:9a:3c:45:78:05-4e:97:1c:f9:1a:5d
2026-05-21 15:02:46.146 +05:30 [INF]   Is Connectable: False
2026-05-21 15:02:46.147 +05:30 [INF] 🔍 DEVICE FOUND: Name='EMBERTON II [LE]', ID=BluetoothLE#BluetoothLE0c:9a:3c:45:78:05-70:e5:fe:7c:fb:cf
2026-05-21 15:02:46.148 +05:30 [INF]   Is Connectable: False
2026-05-21 15:02:46.149 +05:30 [INF] 🔍 DEVICE FOUND: Name='EMBERTON II [LE]', ID=BluetoothLE#BluetoothLE0c:9a:3c:45:78:05-7d:c5:3b:3d:d9:86
2026-05-21 15:02:46.149 +05:30 [INF]   Is Connectable: False
2026-05-21 15:02:46.150 +05:30 [INF] 🔍 DEVICE FOUND: Name='EMBERTON II [LE]', ID=BluetoothLE#BluetoothLE0c:9a:3c:45:78:05-4c:f7:fd:a1:d3:32
2026-05-21 15:02:46.151 +05:30 [INF]   Is Connectable: False
2026-05-21 15:02:46.152 +05:30 [INF] 🔍 DEVICE FOUND: Name='EMBERTON II [LE]', ID=BluetoothLE#BluetoothLE0c:9a:3c:45:78:05-73:54:76:fa:7f:cd
2026-05-21 15:02:46.152 +05:30 [INF]   Is Connectable: False
2026-05-21 15:02:46.153 +05:30 [INF] 🔍 DEVICE FOUND: Name='EMBERTON II [LE]', ID=BluetoothLE#BluetoothLE0c:9a:3c:45:78:05-65:d3:ae:20:21:12
2026-05-21 15:02:46.154 +05:30 [INF]   Is Connectable: False
2026-05-21 15:02:46.154 +05:30 [INF] 🔍 DEVICE FOUND: Name='EMBERTON II [LE]', ID=BluetoothLE#BluetoothLE0c:9a:3c:45:78:05-44:3e:d2:f6:d7:8b
2026-05-21 15:02:46.155 +05:30 [INF]   Is Connectable: False
2026-05-21 15:02:46.156 +05:30 [INF] 🔍 DEVICE FOUND: Name='EMBERTON II [LE]', ID=BluetoothLE#BluetoothLE0c:9a:3c:45:78:05-60:91:00:16:2a:bd
2026-05-21 15:02:46.156 +05:30 [INF]   Is Connectable: False
2026-05-21 15:02:46.157 +05:30 [INF] 🔍 DEVICE FOUND: Name='EMBERTON II [LE]', ID=BluetoothLE#BluetoothLE0c:9a:3c:45:78:05-72:e3:48:97:e9:20
2026-05-21 15:02:46.158 +05:30 [INF]   Is Connectable: False
2026-05-21 15:02:46.162 +05:30 [INF] 🔍 DEVICE FOUND: Name='EMBERTON II [LE]', ID=BluetoothLE#BluetoothLE0c:9a:3c:45:78:05-7f:54:d4:dc:83:90
2026-05-21 15:02:46.163 +05:30 [INF]   Is Connectable: False
2026-05-21 15:02:46.164 +05:30 [INF] 🔍 DEVICE FOUND: Name='EMBERTON II [LE]', ID=BluetoothLE#BluetoothLE0c:9a:3c:45:78:05-57:63:6a:8b:48:1d
2026-05-21 15:02:46.164 +05:30 [INF]   Is Connectable: False
2026-05-21 15:02:46.165 +05:30 [INF] 🔍 DEVICE FOUND: Name='', ID=BluetoothLE#BluetoothLE0c:9a:3c:45:78:05-02:ce:99:9a:bd:0c
2026-05-21 15:02:46.166 +05:30 [INF]   Is Connectable: False
2026-05-21 15:02:46.167 +05:30 [INF] 🔍 DEVICE FOUND: Name='', ID=BluetoothLE#BluetoothLE0c:9a:3c:45:78:05-0d:f9:92:ab:ac:dd
2026-05-21 15:02:46.167 +05:30 [INF]   Is Connectable: False
2026-05-21 15:02:46.168 +05:30 [INF] 🔍 DEVICE FOUND: Name='EMBERTON II [LE]', ID=BluetoothLE#BluetoothLE0c:9a:3c:45:78:05-56:4b:9f:88:42:f5
2026-05-21 15:02:46.169 +05:30 [INF]   Is Connectable: False
2026-05-21 15:02:46.169 +05:30 [INF] 🔍 DEVICE FOUND: Name='', ID=BluetoothLE#BluetoothLE0c:9a:3c:45:78:05-03:86:e5:bc:30:d5
2026-05-21 15:02:46.170 +05:30 [INF]   Is Connectable: False
2026-05-21 15:02:46.171 +05:30 [INF] 🔍 DEVICE FOUND: Name='', ID=BluetoothLE#BluetoothLE0c:9a:3c:45:78:05-23:58:86:7e:50:ef
2026-05-21 15:02:46.171 +05:30 [INF]   Is Connectable: False
2026-05-21 15:02:46.172 +05:30 [INF] 🔍 DEVICE FOUND: Name='', ID=BluetoothLE#BluetoothLE0c:9a:3c:45:78:05-38:91:d2:51:37:8f
2026-05-21 15:02:46.173 +05:30 [INF]   Is Connectable: False
2026-05-21 15:02:46.174 +05:30 [INF] 🔍 DEVICE FOUND: Name='', ID=BluetoothLE#BluetoothLE0c:9a:3c:45:78:05-2c:b1:b0:7d:29:4e
2026-05-21 15:02:46.177 +05:30 [INF]   Is Connectable: False
2026-05-21 15:02:46.177 +05:30 [INF] 🔍 DEVICE FOUND: Name='', ID=BluetoothLE#BluetoothLE0c:9a:3c:45:78:05-12:5a:6e:a0:8c:6a
2026-05-21 15:02:46.178 +05:30 [INF]   Is Connectable: False
2026-05-21 15:02:46.179 +05:30 [INF] 🔍 DEVICE FOUND: Name='', ID=BluetoothLE#BluetoothLE0c:9a:3c:45:78:05-3a:3e:ac:25:e5:47
2026-05-21 15:02:46.180 +05:30 [INF]   Is Connectable: False
2026-05-21 15:02:46.180 +05:30 [INF] 🔍 DEVICE FOUND: Name='Tirth's S25 FE', ID=BluetoothLE#BluetoothLE0c:9a:3c:45:78:05-74:c6:a8:ff:57:99
2026-05-21 15:02:46.181 +05:30 [INF]   Is Connectable: False
2026-05-21 15:02:46.182 +05:30 [INF] 🔍 DEVICE FOUND: Name='Watch Pro', ID=BluetoothLE#BluetoothLE0c:9a:3c:45:78:05-2c:be:eb:bf:37:a4
2026-05-21 15:02:46.182 +05:30 [INF]   Is Connectable: False
2026-05-21 15:02:46.183 +05:30 [INF] 🔍 DEVICE FOUND: Name='', ID=BluetoothLE#BluetoothLE0c:9a:3c:45:78:05-08:40:ee:de:5b:c5
2026-05-21 15:02:46.184 +05:30 [INF]   Is Connectable: False
2026-05-21 15:02:46.184 +05:30 [INF] 🔍 DEVICE FOUND: Name='', ID=BluetoothLE#BluetoothLE0c:9a:3c:45:78:05-1f:1b:cc:30:c6:a9
2026-05-21 15:02:46.185 +05:30 [INF]   Is Connectable: False
2026-05-21 15:02:46.186 +05:30 [INF] 🔍 DEVICE FOUND: Name='', ID=BluetoothLE#BluetoothLE0c:9a:3c:45:78:05-03:28:07:05:ae:f6
2026-05-21 15:02:46.186 +05:30 [INF]   Is Connectable: False
2026-05-21 15:02:46.187 +05:30 [INF] 🔍 DEVICE FOUND: Name='', ID=BluetoothLE#BluetoothLE0c:9a:3c:45:78:05-1e:08:7d:75:8b:0a
2026-05-21 15:02:46.188 +05:30 [INF]   Is Connectable: False
2026-05-21 15:02:46.188 +05:30 [INF] 🔍 DEVICE FOUND: Name='Tirth's S25 FE', ID=BluetoothLE#BluetoothLE0c:9a:3c:45:78:05-7b:bc:f6:3f:55:e7
2026-05-21 15:02:46.189 +05:30 [INF]   Is Connectable: False
2026-05-21 15:02:46.192 +05:30 [INF] 🔍 DEVICE FOUND: Name='', ID=BluetoothLE#BluetoothLE0c:9a:3c:45:78:05-13:3f:a7:bb:b1:58
2026-05-21 15:02:46.193 +05:30 [INF]   Is Connectable: False
2026-05-21 15:02:46.193 +05:30 [INF] 🔍 DEVICE FOUND: Name='', ID=BluetoothLE#BluetoothLE0c:9a:3c:45:78:05-00:a1:c3:1b:40:56
2026-05-21 15:02:46.194 +05:30 [INF]   Is Connectable: False
2026-05-21 15:02:46.195 +05:30 [INF] 🔍 DEVICE FOUND: Name='', ID=BluetoothLE#BluetoothLE0c:9a:3c:45:78:05-16:ed:93:a6:0a:5a
2026-05-21 15:02:46.196 +05:30 [INF]   Is Connectable: False
2026-05-21 15:02:46.196 +05:30 [INF] 🔍 DEVICE FOUND: Name='', ID=BluetoothLE#BluetoothLE0c:9a:3c:45:78:05-34:cd:ab:91:be:8a
2026-05-21 15:02:46.197 +05:30 [INF]   Is Connectable: False
2026-05-21 15:02:46.198 +05:30 [INF] 🔍 DEVICE FOUND: Name='EMBERTON II [LE]', ID=BluetoothLE#BluetoothLE0c:9a:3c:45:78:05-6a:37:91:b2:1e:8a
2026-05-21 15:02:46.198 +05:30 [INF]   Is Connectable: False
2026-05-21 15:02:46.199 +05:30 [INF] 🔍 DEVICE FOUND: Name='EMBERTON II [LE]', ID=BluetoothLE#BluetoothLE0c:9a:3c:45:78:05-75:99:3e:39:fb:7e
2026-05-21 15:02:46.200 +05:30 [INF]   Is Connectable: False
2026-05-21 15:02:46.201 +05:30 [INF] 🔍 DEVICE FOUND: Name='', ID=BluetoothLE#BluetoothLE0c:9a:3c:45:78:05-1f:53:02:c4:82:f9
2026-05-21 15:02:46.202 +05:30 [INF]   Is Connectable: False
2026-05-21 15:02:46.202 +05:30 [INF] 🔍 DEVICE FOUND: Name='', ID=BluetoothLE#BluetoothLE0c:9a:3c:45:78:05-30:c6:3f:e2:8d:44
2026-05-21 15:02:46.203 +05:30 [INF]   Is Connectable: False
2026-05-21 15:02:46.204 +05:30 [INF] 🔍 DEVICE FOUND: Name='', ID=BluetoothLE#BluetoothLE0c:9a:3c:45:78:05-76:2b:aa:49:12:6a
2026-05-21 15:02:46.204 +05:30 [INF]   Is Connectable: False
2026-05-21 15:02:46.208 +05:30 [INF] 🔍 DEVICE FOUND: Name='Tirth's S25 FE', ID=BluetoothLE#BluetoothLE0c:9a:3c:45:78:05-6a:2e:72:d2:99:a2
2026-05-21 15:02:46.209 +05:30 [INF]   Is Connectable: False
2026-05-21 15:02:46.209 +05:30 [INF] 🔍 DEVICE FOUND: Name='', ID=BluetoothLE#BluetoothLE0c:9a:3c:45:78:05-3e:5a:33:25:cf:d1
2026-05-21 15:02:46.210 +05:30 [INF]   Is Connectable: False
2026-05-21 15:02:46.211 +05:30 [INF] 🔍 DEVICE FOUND: Name='', ID=BluetoothLE#BluetoothLE0c:9a:3c:45:78:05-0d:b2:be:89:07:39
2026-05-21 15:02:46.212 +05:30 [INF]   Is Connectable: False
2026-05-21 15:02:46.212 +05:30 [INF] 🔍 DEVICE FOUND: Name='', ID=BluetoothLE#BluetoothLE0c:9a:3c:45:78:05-6d:a8:d7:18:2d:19
2026-05-21 15:02:46.213 +05:30 [INF]   Is Connectable: False
2026-05-21 15:02:46.214 +05:30 [INF] 🔍 DEVICE FOUND: Name='Tirth's S25 FE', ID=BluetoothLE#BluetoothLE0c:9a:3c:45:78:05-a0:1b:9e:b2:66:cf
2026-05-21 15:02:46.214 +05:30 [INF]   Is Connectable: False
2026-05-21 15:02:46.556 +05:30 [INF] 🔍 DEVICE FOUND: Name='', ID=BluetoothLE#BluetoothLE0c:9a:3c:45:78:05-6e:0d:f6:ec:3b:62
2026-05-21 15:02:46.557 +05:30 [INF]   Is Connectable: True
2026-05-21 15:02:46.589 +05:30 [INF] 🔍 DEVICE FOUND: Name='', ID=BluetoothLE#BluetoothLE0c:9a:3c:45:78:05-30:38:3a:30:01:29
2026-05-21 15:02:46.590 +05:30 [INF]   Is Connectable: True
2026-05-21 15:02:46.591 +05:30 [INF] 🔍 DEVICE FOUND: Name='Tirth's S25 FE', ID=BluetoothLE#BluetoothLE0c:9a:3c:45:78:05-55:ef:f2:48:3c:2b
2026-05-21 15:02:46.592 +05:30 [INF]   Is Connectable: True
2026-05-21 15:02:46.592 +05:30 [INF]   ✅ NAME MATCHED! Found target device: 'Tirth's S25 FE'
2026-05-21 15:02:46.729 +05:30 [INF] 🔍 DEVICE FOUND: Name='', ID=BluetoothLE#BluetoothLE0c:9a:3c:45:78:05-20:aa:80:46:71:b8
2026-05-21 15:02:46.730 +05:30 [INF]   Is Connectable: True
2026-05-21 15:02:48.527 +05:30 [INF] ✅ Connected! Found 10 services
2026-05-21 15:02:48.598 +05:30 [INF] TrustStateManager received event: PHONE_CONNECTED
2026-05-21 15:02:48.599 +05:30 [INF] TrustStateManager received event: TRUST_RESTORED
2026-05-21 15:02:48.600 +05:30 [INF] Trust state changed to TRUSTED
2026-05-21 15:03:16.060 +05:30 [INF] Device enumeration completed - checking existing devices.
2026-05-21 15:03:20.642 +05:30 [WRN] Device disconnected – locking workstation.
2026-05-21 15:03:21.107 +05:30 [WRN] Device disconnected – locking workstation.
2026-05-21 15:03:21.605 +05:30 [WRN] Device disconnected – locking workstation.
2026-05-21 15:03:22.106 +05:30 [WRN] Device disconnected – locking workstation.
2026-05-21 15:03:22.603 +05:30 [WRN] Device disconnected – locking workstation.
2026-05-21 15:03:23.116 +05:30 [WRN] Device disconnected – locking workstation.
2026-05-21 15:03:23.611 +05:30 [WRN] Device disconnected – locking workstation.
2026-05-21 15:03:24.109 +05:30 [WRN] Device disconnected – locking workstation.
2026-05-21 15:03:24.610 +05:30 [WRN] Device disconnected – locking workstation.
2026-05-21 15:03:25.106 +05:30 [WRN] Device disconnected – locking workstation.
2026-05-21 15:03:25.606 +05:30 [WRN] Device disconnected – locking workstation.
2026-05-21 15:03:26.101 +05:30 [WRN] Device disconnected – locking workstation.
2026-05-21 15:03:26.616 +05:30 [WRN] Device disconnected – locking workstation.
2026-05-21 15:03:27.112 +05:30 [WRN] Device disconnected – locking workstation.
2026-05-21 15:03:27.708 +05:30 [WRN] Device disconnected – locking workstation.
2026-05-21 15:03:28.221 +05:30 [WRN] Device disconnected – locking workstation.
2026-05-21 15:03:28.732 +05:30 [WRN] Device disconnected – locking workstation.
2026-05-21 15:03:29.758 +05:30 [WRN] Device disconnected – locking workstation.
2026-05-21 15:03:30.771 +05:30 [WRN] Device disconnected – locking workstation.
2026-05-21 15:03:31.285 +05:30 [WRN] Device disconnected – locking workstation.
2026-05-21 15:03:31.797 +05:30 [WRN] Device disconnected – locking workstation.
2026-05-21 15:03:32.813 +05:30 [WRN] Device disconnected – locking workstation.
2026-05-21 15:03:33.328 +05:30 [WRN] Device disconnected – locking workstation.
2026-05-21 15:03:33.843 +05:30 [WRN] Device disconnected – locking workstation.
2026-05-21 15:03:34.355 +05:30 [WRN] Device disconnected – locking workstation.
2026-05-21 15:03:35.383 +05:30 [WRN] Device disconnected – locking workstation.
2026-05-21 15:03:35.895 +05:30 [WRN] Device disconnected – locking workstation.
2026-05-21 15:03:36.409 +05:30 [WRN] Device disconnected – locking workstation.
2026-05-21 15:03:36.919 +05:30 [WRN] Device disconnected – locking workstation.
2026-05-21 15:03:37.932 +05:30 [WRN] Device disconnected – locking workstation.
2026-05-21 15:03:38.447 +05:30 [WRN] Device disconnected – locking workstation.
2026-05-21 15:03:38.962 +05:30 [WRN] Device disconnected – locking workstation.
2026-05-21 15:03:39.475 +05:30 [WRN] Device disconnected – locking workstation.
2026-05-21 15:03:39.990 +05:30 [WRN] Device disconnected – locking workstation.
2026-05-21 15:03:40.505 +05:30 [WRN] Device disconnected – locking workstation.
2026-05-21 15:03:41.018 +05:30 [WRN] Device disconnected – locking workstation.
2026-05-21 15:03:41.532 +05:30 [WRN] Device disconnected – locking workstation.
2026-05-21 15:03:42.045 +05:30 [WRN] Device disconnected – locking workstation.
2026-05-21 15:03:43.061 +05:30 [WRN] Device disconnected – locking workstation.
2026-05-21 15:03:43.575 +05:30 [WRN] Device disconnected – locking workstation.
2026-05-21 15:03:44.602 +05:30 [WRN] Device disconnected – locking workstation.
2026-05-21 15:03:45.114 +05:30 [WRN] Device disconnected – locking workstation.
2026-05-21 15:03:45.627 +05:30 [WRN] Device disconnected – locking workstation.
2026-05-21 15:03:46.078 +05:30 [INF] TrustStateManager received event: PHONE_DISCONNECTED
2026-05-21 15:03:46.079 +05:30 [INF] TrustStateManager received event: PHONE_DISCONNECTED
2026-05-21 15:03:46.079 +05:30 [INF] TrustStateManager received event: PHONE_DISCONNECTED
2026-05-21 15:03:46.080 +05:30 [INF] TrustStateManager received event: PHONE_DISCONNECTED
2026-05-21 15:03:46.080 +05:30 [INF] TrustStateManager received event: PHONE_DISCONNECTED
2026-05-21 15:03:46.081 +05:30 [INF] TrustStateManager received event: PHONE_DISCONNECTED
2026-05-21 15:03:46.082 +05:30 [INF] TrustStateManager received event: PHONE_DISCONNECTED
2026-05-21 15:03:46.082 +05:30 [INF] TrustStateManager received event: PHONE_DISCONNECTED
2026-05-21 15:03:46.083 +05:30 [INF] TrustStateManager received event: PHONE_DISCONNECTED
2026-05-21 15:03:46.083 +05:30 [INF] TrustStateManager received event: PHONE_DISCONNECTED
2026-05-21 15:03:46.084 +05:30 [INF] TrustStateManager received event: PHONE_DISCONNECTED
2026-05-21 15:03:46.084 +05:30 [INF] TrustStateManager received event: PHONE_DISCONNECTED
2026-05-21 15:03:46.085 +05:30 [INF] 🔍 DEVICE FOUND: Name='', ID=BluetoothLE#BluetoothLE0c:9a:3c:45:78:05-69:95:15:48:c7:fe
2026-05-21 15:03:46.085 +05:30 [INF] TrustStateManager received event: PHONE_DISCONNECTED
2026-05-21 15:03:46.085 +05:30 [INF] TrustStateManager received event: PHONE_DISCONNECTED
2026-05-21 15:03:46.086 +05:30 [INF] TrustStateManager received event: PHONE_DISCONNECTED
2026-05-21 15:03:46.086 +05:30 [WRN] Enforcing lockdown due to TRUST_LOST
2026-05-21 15:03:46.087 +05:30 [INF] TrustStateManager received event: TRUST_LOST
2026-05-21 15:03:46.087 +05:30 [INF] TrustStateManager received event: PHONE_DISCONNECTED
2026-05-21 15:03:46.088 +05:30 [INF] TrustStateManager received event: PHONE_DISCONNECTED
2026-05-21 15:03:46.089 +05:30 [INF] TrustStateManager received event: PHONE_DISCONNECTED
2026-05-21 15:03:46.089 +05:30 [INF] TrustStateManager received event: PHONE_DISCONNECTED
2026-05-21 15:03:46.090 +05:30 [INF] TrustStateManager received event: PHONE_DISCONNECTED
2026-05-21 15:03:46.090 +05:30 [INF] TrustStateManager received event: PHONE_DISCONNECTED
2026-05-21 15:03:46.091 +05:30 [INF] TrustStateManager received event: PHONE_DISCONNECTED
2026-05-21 15:03:46.091 +05:30 [INF] TrustStateManager received event: PHONE_DISCONNECTED
2026-05-21 15:03:46.092 +05:30 [INF] TrustStateManager received event: PHONE_DISCONNECTED
2026-05-21 15:03:46.092 +05:30 [INF] TrustStateManager received event: PHONE_DISCONNECTED
2026-05-21 15:03:46.093 +05:30 [INF] TrustStateManager received event: PHONE_DISCONNECTED
2026-05-21 15:03:46.093 +05:30 [INF] TrustStateManager received event: PHONE_DISCONNECTED
2026-05-21 15:03:46.094 +05:30 [INF] TrustStateManager received event: PHONE_DISCONNECTED
2026-05-21 15:03:46.094 +05:30 [INF] TrustStateManager received event: PHONE_DISCONNECTED
2026-05-21 15:03:46.095 +05:30 [INF] TrustStateManager received event: PHONE_DISCONNECTED
2026-05-21 15:03:46.095 +05:30 [INF] TrustStateManager received event: PHONE_DISCONNECTED
2026-05-21 15:03:46.096 +05:30 [INF] TrustStateManager received event: PHONE_DISCONNECTED
2026-05-21 15:03:46.100 +05:30 [INF] TrustStateManager received event: PHONE_DISCONNECTED
2026-05-21 15:03:46.100 +05:30 [INF] TrustStateManager received event: PHONE_DISCONNECTED
2026-05-21 15:03:46.101 +05:30 [INF] TrustStateManager received event: PHONE_DISCONNECTED
2026-05-21 15:03:46.102 +05:30 [INF] TrustStateManager received event: PHONE_DISCONNECTED
2026-05-21 15:03:46.103 +05:30 [WRN] Enforcing lockdown due to TRUST_LOST
2026-05-21 15:03:46.105 +05:30 [INF] TrustStateManager received event: PHONE_DISCONNECTED
2026-05-21 15:03:46.106 +05:30 [INF] TrustStateManager received event: PHONE_DISCONNECTED
2026-05-21 15:03:46.106 +05:30 [INF] TrustStateManager received event: PHONE_DISCONNECTED
2026-05-21 15:03:46.107 +05:30 [INF] TrustStateManager received event: PHONE_DISCONNECTED
2026-05-21 15:03:46.107 +05:30 [WRN] Enforcing lockdown due to TRUST_LOST
2026-05-21 15:03:46.108 +05:30 [WRN] Enforcing lockdown due to TRUST_LOST
2026-05-21 15:03:46.108 +05:30 [WRN] Enforcing lockdown due to TRUST_LOST
2026-05-21 15:03:46.109 +05:30 [WRN] Enforcing lockdown due to TRUST_LOST
2026-05-21 15:03:46.110 +05:30 [WRN] Enforcing lockdown due to TRUST_LOST
2026-05-21 15:03:46.110 +05:30 [WRN] Enforcing lockdown due to TRUST_LOST
2026-05-21 15:03:46.110 +05:30 [WRN] Enforcing lockdown due to TRUST_LOST
2026-05-21 15:03:46.111 +05:30 [WRN] Enforcing lockdown due to TRUST_LOST
2026-05-21 15:03:46.111 +05:30 [WRN] Enforcing lockdown due to TRUST_LOST
2026-05-21 15:03:46.115 +05:30 [WRN] Enforcing lockdown due to TRUST_LOST
2026-05-21 15:03:46.116 +05:30 [WRN] Enforcing lockdown due to TRUST_LOST
2026-05-21 15:03:46.116 +05:30 [WRN] Enforcing lockdown due to TRUST_LOST
2026-05-21 15:03:46.117 +05:30 [INF]   Is Connectable: True
2026-05-21 15:03:46.117 +05:30 [WRN] Enforcing lockdown due to TRUST_LOST
2026-05-21 15:03:46.118 +05:30 [WRN] Enforcing lockdown due to TRUST_LOST
2026-05-21 15:03:46.119 +05:30 [INF] TrustStateManager received event: PHONE_DISCONNECTED
2026-05-21 15:03:46.119 +05:30 [INF] TrustStateManager received event: PHONE_DISCONNECTED
2026-05-21 15:03:46.120 +05:30 [WRN] Trust lost – enforcement will lock
2026-05-21 15:03:46.120 +05:30 [WRN] Enforcing lockdown due to TRUST_LOST
2026-05-21 15:03:46.120 +05:30 [WRN] Enforcing lockdown due to TRUST_LOST
2026-05-21 15:03:46.121 +05:30 [WRN] Enforcing lockdown due to TRUST_LOST
2026-05-21 15:03:46.121 +05:30 [WRN] Enforcing lockdown due to TRUST_LOST
2026-05-21 15:03:46.122 +05:30 [WRN] Enforcing lockdown due to TRUST_LOST
2026-05-21 15:03:46.122 +05:30 [WRN] Enforcing lockdown due to TRUST_LOST
2026-05-21 15:03:46.123 +05:30 [WRN] Enforcing lockdown due to TRUST_LOST
2026-05-21 15:03:46.124 +05:30 [WRN] Enforcing lockdown due to TRUST_LOST
2026-05-21 15:03:46.124 +05:30 [WRN] Enforcing lockdown due to TRUST_LOST
2026-05-21 15:03:46.125 +05:30 [WRN] Enforcing lockdown due to TRUST_LOST
2026-05-21 15:03:46.126 +05:30 [WRN] Enforcing lockdown due to TRUST_LOST
2026-05-21 15:03:46.126 +05:30 [WRN] Enforcing lockdown due to TRUST_LOST
2026-05-21 15:03:46.127 +05:30 [WRN] Enforcing lockdown due to TRUST_LOST
2026-05-21 15:03:46.127 +05:30 [WRN] Enforcing lockdown due to TRUST_LOST
2026-05-21 15:03:46.137 +05:30 [WRN] Enforcing lockdown due to TRUST_LOST
2026-05-21 15:03:46.137 +05:30 [WRN] Enforcing lockdown due to TRUST_LOST
2026-05-21 15:03:46.138 +05:30 [WRN] Enforcing lockdown due to TRUST_LOST
2026-05-21 15:03:46.138 +05:30 [WRN] Enforcing lockdown due to TRUST_LOST
2026-05-21 15:03:46.139 +05:30 [WRN] Enforcing lockdown due to TRUST_LOST
2026-05-21 15:03:46.139 +05:30 [WRN] Enforcing lockdown due to TRUST_LOST
2026-05-21 15:03:46.140 +05:30 [INF] TrustStateManager received event: PHONE_DISCONNECTED
2026-05-21 15:03:46.141 +05:30 [INF] TrustStateManager received event: TRUST_LOST
2026-05-21 15:03:46.141 +05:30 [WRN] Enforcing lockdown due to TRUST_LOST
2026-05-21 15:03:46.142 +05:30 [WRN] Enforcing lockdown due to TRUST_LOST
2026-05-21 15:03:46.142 +05:30 [WRN] Enforcing lockdown due to TRUST_LOST
2026-05-21 15:03:46.143 +05:30 [WRN] Enforcing lockdown due to TRUST_LOST
2026-05-21 15:03:46.145 +05:30 [INF] TrustStateManager received event: TRUST_LOST
2026-05-21 15:03:46.145 +05:30 [INF] TrustStateManager received event: TRUST_LOST
2026-05-21 15:03:46.146 +05:30 [INF] TrustStateManager received event: TRUST_LOST
2026-05-21 15:03:46.146 +05:30 [INF] TrustStateManager received event: TRUST_LOST
2026-05-21 15:03:46.147 +05:30 [INF] TrustStateManager received event: TRUST_LOST
2026-05-21 15:03:46.148 +05:30 [INF] TrustStateManager received event: TRUST_LOST
2026-05-21 15:03:46.148 +05:30 [INF] TrustStateManager received event: TRUST_LOST
2026-05-21 15:03:46.148 +05:30 [INF] TrustStateManager received event: TRUST_LOST
2026-05-21 15:03:46.149 +05:30 [INF] TrustStateManager received event: TRUST_LOST
2026-05-21 15:03:46.150 +05:30 [INF] TrustStateManager received event: TRUST_LOST
2026-05-21 15:03:46.150 +05:30 [INF] TrustStateManager received event: TRUST_LOST
2026-05-21 15:03:46.151 +05:30 [INF] TrustStateManager received event: TRUST_LOST
2026-05-21 15:03:46.152 +05:30 [INF] 🔍 DEVICE FOUND: Name='Watch Pro', ID=BluetoothLE#BluetoothLE0c:9a:3c:45:78:05-2c:be:eb:bf:37:a4
2026-05-21 15:03:46.152 +05:30 [INF] TrustStateManager received event: TRUST_LOST
2026-05-21 15:03:46.153 +05:30 [INF] TrustStateManager received event: TRUST_LOST
2026-05-21 15:03:46.153 +05:30 [WRN] Enforcing lockdown due to TRUST_LOST
2026-05-21 15:03:46.154 +05:30 [WRN] Enforcing lockdown due to TRUST_LOST
2026-05-21 15:03:46.154 +05:30 [INF] Trust state changed to LIMITED
2026-05-21 15:03:46.155 +05:30 [INF] TrustStateManager received event: TRUST_LOST
2026-05-21 15:03:46.156 +05:30 [INF] TrustStateManager received event: TRUST_LOST
2026-05-21 15:03:46.156 +05:30 [INF] TrustStateManager received event: TRUST_LOST
2026-05-21 15:03:46.157 +05:30 [INF] TrustStateManager received event: TRUST_LOST
2026-05-21 15:03:46.157 +05:30 [INF] TrustStateManager received event: TRUST_LOST
2026-05-21 15:03:46.158 +05:30 [INF] TrustStateManager received event: TRUST_LOST
2026-05-21 15:03:46.159 +05:30 [INF] TrustStateManager received event: TRUST_LOST
2026-05-21 15:03:46.164 +05:30 [INF] TrustStateManager received event: TRUST_LOST
2026-05-21 15:03:46.164 +05:30 [INF] TrustStateManager received event: TRUST_LOST
2026-05-21 15:03:46.165 +05:30 [INF] TrustStateManager received event: TRUST_LOST
2026-05-21 15:03:46.166 +05:30 [INF] TrustStateManager received event: TRUST_LOST
2026-05-21 15:03:46.166 +05:30 [INF] TrustStateManager received event: TRUST_LOST
2026-05-21 15:03:46.168 +05:30 [INF] TrustStateManager received event: TRUST_LOST
2026-05-21 15:03:46.169 +05:30 [INF] TrustStateManager received event: TRUST_LOST
2026-05-21 15:03:46.169 +05:30 [INF] TrustStateManager received event: TRUST_LOST
2026-05-21 15:03:46.170 +05:30 [INF] TrustStateManager received event: TRUST_LOST
2026-05-21 15:03:46.171 +05:30 [INF] TrustStateManager received event: TRUST_LOST
2026-05-21 15:03:46.171 +05:30 [INF] TrustStateManager received event: TRUST_LOST
2026-05-21 15:03:46.172 +05:30 [INF] TrustStateManager received event: TRUST_LOST
2026-05-21 15:03:46.173 +05:30 [INF] TrustStateManager received event: TRUST_LOST
2026-05-21 15:03:46.173 +05:30 [WRN] Enforcing lockdown due to TRUST_LOST
2026-05-21 15:03:46.174 +05:30 [WRN] Trust lost – enforcement will lock
2026-05-21 15:03:46.176 +05:30 [INF] Trust state changed to LIMITED
2026-05-21 15:03:46.177 +05:30 [INF] TrustStateManager received event: TRUST_LOST
2026-05-21 15:03:46.178 +05:30 [INF] TrustStateManager received event: TRUST_LOST
2026-05-21 15:03:46.179 +05:30 [INF] TrustStateManager received event: TRUST_LOST
2026-05-21 15:03:46.180 +05:30 [WRN] Trust lost – enforcement will lock
2026-05-21 15:03:46.180 +05:30 [WRN] Trust lost – enforcement will lock
2026-05-21 15:03:46.181 +05:30 [WRN] Trust lost – enforcement will lock
2026-05-21 15:03:46.181 +05:30 [WRN] Trust lost – enforcement will lock
2026-05-21 15:03:46.182 +05:30 [WRN] Trust lost – enforcement will lock
2026-05-21 15:03:46.183 +05:30 [WRN] Trust lost – enforcement will lock
2026-05-21 15:03:46.184 +05:30 [WRN] Trust lost – enforcement will lock
2026-05-21 15:03:46.184 +05:30 [WRN] Trust lost – enforcement will lock
2026-05-21 15:03:46.186 +05:30 [WRN] Trust lost – enforcement will lock
2026-05-21 15:03:46.186 +05:30 [WRN] Trust lost – enforcement will lock
2026-05-21 15:03:46.187 +05:30 [WRN] Trust lost – enforcement will lock
2026-05-21 15:03:46.188 +05:30 [WRN] Trust lost – enforcement will lock
2026-05-21 15:03:46.189 +05:30 [INF]   Is Connectable: True
2026-05-21 15:03:46.190 +05:30 [WRN] Trust lost – enforcement will lock
2026-05-21 15:03:46.190 +05:30 [WRN] Trust lost – enforcement will lock
2026-05-21 15:03:46.195 +05:30 [INF] TrustStateManager received event: TRUST_LOST
2026-05-21 15:03:46.196 +05:30 [INF] TrustStateManager received event: TRUST_LOST
2026-05-21 15:03:46.197 +05:30 [WRN] Trust lost – enforcement will lock
2026-05-21 15:03:46.198 +05:30 [WRN] Trust lost – enforcement will lock
2026-05-21 15:03:46.199 +05:30 [WRN] Trust lost – enforcement will lock
2026-05-21 15:03:46.201 +05:30 [WRN] Trust lost – enforcement will lock
2026-05-21 15:03:46.202 +05:30 [INF] Trust state changed to LIMITED
2026-05-21 15:03:46.203 +05:30 [WRN] Trust lost – enforcement will lock
2026-05-21 15:03:46.204 +05:30 [WRN] Trust lost – enforcement will lock
2026-05-21 15:03:46.205 +05:30 [WRN] Trust lost – enforcement will lock
2026-05-21 15:03:46.205 +05:30 [WRN] Trust lost – enforcement will lock
2026-05-21 15:03:46.210 +05:30 [WRN] Trust lost – enforcement will lock
2026-05-21 15:03:46.211 +05:30 [WRN] Trust lost – enforcement will lock
2026-05-21 15:03:46.212 +05:30 [WRN] Trust lost – enforcement will lock
2026-05-21 15:03:46.214 +05:30 [WRN] Trust lost – enforcement will lock
2026-05-21 15:03:46.214 +05:30 [WRN] Trust lost – enforcement will lock
2026-05-21 15:03:46.216 +05:30 [WRN] Trust lost – enforcement will lock
2026-05-21 15:03:46.217 +05:30 [WRN] Trust lost – enforcement will lock
2026-05-21 15:03:46.218 +05:30 [WRN] Trust lost – enforcement will lock
2026-05-21 15:03:46.219 +05:30 [WRN] Trust lost – enforcement will lock
2026-05-21 15:03:46.219 +05:30 [WRN] Trust lost – enforcement will lock
2026-05-21 15:03:46.220 +05:30 [WRN] Trust lost – enforcement will lock
2026-05-21 15:03:46.222 +05:30 [INF] TrustStateManager received event: TRUST_LOST
2026-05-21 15:03:46.222 +05:30 [INF] TrustStateManager received event: TRUST_LOST
2026-05-21 15:03:46.228 +05:30 [WRN] Trust lost – enforcement will lock
2026-05-21 15:03:46.228 +05:30 [WRN] Trust lost – enforcement will lock
2026-05-21 15:03:46.229 +05:30 [INF] Trust state changed to LIMITED
2026-05-21 15:03:46.230 +05:30 [INF] Trust state changed to LIMITED
2026-05-21 15:03:46.231 +05:30 [INF] Trust state changed to LIMITED
2026-05-21 15:03:46.232 +05:30 [INF] Trust state changed to LIMITED
2026-05-21 15:03:46.233 +05:30 [INF] Trust state changed to LIMITED
2026-05-21 15:03:46.234 +05:30 [INF] Trust state changed to LIMITED
2026-05-21 15:03:46.235 +05:30 [INF] Trust state changed to LIMITED
2026-05-21 15:03:46.236 +05:30 [INF] Trust state changed to LIMITED
2026-05-21 15:03:46.236 +05:30 [INF] Trust state changed to LIMITED
2026-05-21 15:03:46.237 +05:30 [INF] Trust state changed to LIMITED
2026-05-21 15:03:46.238 +05:30 [INF] Trust state changed to LIMITED
2026-05-21 15:03:46.238 +05:30 [INF] Trust state changed to LIMITED
2026-05-21 15:03:46.243 +05:30 [INF] Trust state changed to LIMITED
2026-05-21 15:03:46.245 +05:30 [INF] Trust state changed to LIMITED
2026-05-21 15:03:46.246 +05:30 [INF] Trust state changed to LIMITED
2026-05-21 15:03:46.246 +05:30 [WRN] Trust lost – enforcement will lock
2026-05-21 15:03:46.247 +05:30 [WRN] Trust lost – enforcement will lock
2026-05-21 15:03:46.248 +05:30 [INF] Trust state changed to LIMITED
2026-05-21 15:03:46.249 +05:30 [INF] Trust state changed to LIMITED
2026-05-21 15:03:46.250 +05:30 [INF] Trust state changed to LIMITED
2026-05-21 15:03:46.251 +05:30 [WRN] Trust lost – enforcement will lock
2026-05-21 15:03:46.253 +05:30 [INF] Trust state changed to LIMITED
2026-05-21 15:03:46.262 +05:30 [INF] Trust state changed to LIMITED
2026-05-21 15:03:46.263 +05:30 [INF] Trust state changed to LIMITED
2026-05-21 15:03:46.264 +05:30 [INF] Trust state changed to LIMITED
2026-05-21 15:03:46.265 +05:30 [INF] Trust state changed to LIMITED
2026-05-21 15:03:46.266 +05:30 [INF] Trust state changed to LIMITED
2026-05-21 15:03:46.266 +05:30 [INF] Trust state changed to LIMITED
2026-05-21 15:03:46.267 +05:30 [INF] Trust state changed to LIMITED
2026-05-21 15:03:46.268 +05:30 [INF] Trust state changed to LIMITED
2026-05-21 15:03:46.268 +05:30 [INF] Trust state changed to LIMITED
2026-05-21 15:03:46.272 +05:30 [INF] Trust state changed to LIMITED
2026-05-21 15:03:46.273 +05:30 [INF] Trust state changed to LIMITED
2026-05-21 15:03:46.275 +05:30 [INF] Trust state changed to LIMITED
2026-05-21 15:03:46.276 +05:30 [INF] Trust state changed to LIMITED
2026-05-21 15:03:46.276 +05:30 [INF] Trust state changed to LIMITED
2026-05-21 15:03:46.277 +05:30 [WRN] Trust lost – enforcement will lock
2026-05-21 15:03:46.278 +05:30 [WRN] Trust lost – enforcement will lock
2026-05-21 15:03:46.279 +05:30 [INF] Trust state changed to LIMITED
2026-05-21 15:03:46.280 +05:30 [WRN] Trust lost – enforcement will lock
2026-05-21 15:03:46.298 +05:30 [INF] Trust state changed to LIMITED
2026-05-21 15:03:46.299 +05:30 [INF] Trust state changed to LIMITED
2026-05-21 15:03:46.305 +05:30 [INF] Trust state changed to LIMITED
2026-05-21 15:03:46.323 +05:30 [INF] Trust state changed to LIMITED
2026-05-21 15:03:46.324 +05:30 [INF] Trust state changed to LIMITED
2026-05-21 15:03:46.325 +05:30 [INF] Trust state changed to LIMITED
2026-05-21 15:03:51.234 +05:30 [ERR] Connection error: A task was canceled.
2026-05-21 15:03:51.294 +05:30 [ERR] Connection error: A task was canceled.
2026-05-21 15:03:56.217 +05:30 [ERR] Connection error: A task was canceled.
2026-05-21 15:03:56.247 +05:30 [ERR] Connection error: A task was canceled.
2026-05-21 15:03:56.311 +05:30 [ERR] Connection error: A task was canceled.
2026-05-21 15:04:01.231 +05:30 [ERR] Connection error: A task was canceled.
2026-05-21 15:04:01.263 +05:30 [ERR] Connection error: A task was canceled.
2026-05-21 15:04:01.326 +05:30 [ERR] Connection error: A task was canceled.
2026-05-21 15:04:06.247 +05:30 [ERR] Connection error: A task was canceled.
2026-05-21 15:04:06.278 +05:30 [ERR] Connection error: A task was canceled.
2026-05-21 15:04:06.340 +05:30 [ERR] Connection error: A task was canceled.
2026-05-21 15:04:06.913 +05:30 [INF] 🔍 DEVICE FOUND: Name='', ID=BluetoothLE#BluetoothLE0c:9a:3c:45:78:05-33:ee:3c:c9:5a:fd
2026-05-21 15:04:06.921 +05:30 [INF]   Is Connectable: True
2026-05-21 15:04:06.924 +05:30 [INF] 🔍 DEVICE FOUND: Name='', ID=BluetoothLE#BluetoothLE0c:9a:3c:45:78:05-2e:2f:82:1d:7f:d9
2026-05-21 15:04:06.929 +05:30 [INF]   Is Connectable: True
2026-05-21 15:04:11.259 +05:30 [ERR] Connection error: A task was canceled.
2026-05-21 15:04:11.306 +05:30 [ERR] Connection error: A task was canceled.
2026-05-21 15:04:11.354 +05:30 [ERR] Connection error: A task was canceled.
2026-05-21 15:04:16.106 +05:30 [INF] 🔍 DEVICE FOUND: Name='EMBERTON II [LE]', ID=BluetoothLE#BluetoothLE0c:9a:3c:45:78:05-69:95:15:48:c7:fe
2026-05-21 15:04:16.106 +05:30 [INF]   Is Connectable: True
2026-05-21 15:04:16.107 +05:30 [INF] 🔍 DEVICE FOUND: Name='', ID=BluetoothLE#BluetoothLE0c:9a:3c:45:78:05-33:ee:3c:c9:5a:fd
2026-05-21 15:04:16.108 +05:30 [INF]   Is Connectable: True
2026-05-21 15:04:16.109 +05:30 [INF] 🔍 DEVICE FOUND: Name='', ID=BluetoothLE#BluetoothLE0c:9a:3c:45:78:05-2e:2f:82:1d:7f:d9
2026-05-21 15:04:16.109 +05:30 [INF]   Is Connectable: True
2026-05-21 15:04:16.270 +05:30 [ERR] Connection error: A task was canceled.
2026-05-21 15:04:16.301 +05:30 [ERR] Connection error: A task was canceled.
2026-05-21 15:04:16.364 +05:30 [ERR] Connection error: A task was canceled.
2026-05-21 15:04:21.276 +05:30 [ERR] Connection error: A task was canceled.
2026-05-21 15:04:21.307 +05:30 [ERR] Connection error: A task was canceled.
2026-05-21 15:04:21.370 +05:30 [ERR] Connection error: A task was canceled.
2026-05-21 15:04:26.291 +05:30 [ERR] Connection error: A task was canceled.
2026-05-21 15:04:26.386 +05:30 [ERR] Connection error: A task was canceled.
2026-05-21 15:04:31.306 +05:30 [ERR] Connection error: A task was canceled.
2026-05-21 15:04:31.399 +05:30 [ERR] Connection error: A task was canceled.
2026-05-21 15:04:31.402 +05:30 [ERR] Connection error: A task was canceled.
2026-05-21 15:04:33.458 +05:30 [INF] 🔍 DEVICE FOUND: Name='Tirth's S25 FE', ID=BluetoothLE#BluetoothLE0c:9a:3c:45:78:05-5c:6f:7d:82:8d:8e
2026-05-21 15:04:33.462 +05:30 [INF]   Is Connectable: True
2026-05-21 15:04:36.324 +05:30 [ERR] Connection error: A task was canceled.
2026-05-21 15:04:36.418 +05:30 [ERR] Connection error: A task was canceled.
2026-05-21 15:04:41.341 +05:30 [ERR] Connection error: A task was canceled.
2026-05-21 15:04:41.436 +05:30 [ERR] Connection error: A task was canceled.
2026-05-21 15:04:46.345 +05:30 [ERR] Connection error: A task was canceled.
2026-05-21 15:04:46.438 +05:30 [ERR] Connection error: A task was canceled.
2026-05-21 15:04:51.351 +05:30 [ERR] Connection error: A task was canceled.
2026-05-21 15:04:51.446 +05:30 [ERR] Connection error: A task was canceled.
2026-05-21 15:04:56.359 +05:30 [ERR] Connection error: A task was canceled.
2026-05-21 15:04:56.454 +05:30 [ERR] Connection error: A task was canceled.
2026-05-21 15:04:59.976 +05:30 [ERR] Connection error: 
2026-05-21 15:05:01.368 +05:30 [ERR] Connection error: A task was canceled.
2026-05-21 15:05:01.460 +05:30 [ERR] Connection error: A task was canceled.
2026-05-21 15:05:06.382 +05:30 [ERR] Connection error: A task was canceled.
2026-05-21 15:05:06.476 +05:30 [ERR] Connection error: A task was canceled.
2026-05-21 15:05:06.477 +05:30 [ERR] Connection error: A task was canceled.
2026-05-21 15:05:10.000 +05:30 [ERR] Connection error: 
2026-05-21 15:05:11.411 +05:30 [ERR] Connection error: A task was canceled.
2026-05-21 15:05:11.488 +05:30 [ERR] Connection error: A task was canceled.
2026-05-21 15:05:14.909 +05:30 [ERR] Connection error: 
2026-05-21 15:05:16.464 +05:30 [ERR] Connection error: A task was canceled.
2026-05-21 15:05:21.508 +05:30 [ERR] Connection error: A task was canceled.
2026-05-21 15:05:21.642 +05:30 [ERR] Connection error: A task was canceled.
2026-05-21 15:05:21.650 +05:30 [ERR] Connection error: A task was canceled.
2026-05-21 15:05:21.657 +05:30 [ERR] Connection error: A task was canceled.
2026-05-21 15:05:22.946 +05:30 [INF] Tether Communication Service is stopping
2026-05-21 15:05:22.985 +05:30 [ERR] Connection error: A task was canceled.
2026-05-21 15:05:25.103 +05:30 [INF] TrustStateManager initialized
2026-05-21 15:05:25.143 +05:30 [INF] EnforcementManager ready
2026-05-21 15:05:25.144 +05:30 [INF] RecoveryManager initialized (skeleton)
2026-05-21 15:05:25.146 +05:30 [INF] Pipe server started
2026-05-21 15:05:25.147 +05:30 [INF] BLE Manager starting...
2026-05-21 15:05:25.150 +05:30 [INF] Named pipe server waiting for connection on TetherPipe...
2026-05-21 15:05:25.177 +05:30 [INF] Found saved device ID, attempting to reconnect...
2026-05-21 15:05:25.317 +05:30 [INF] All services initialized. Starting host...
2026-05-21 15:05:25.328 +05:30 [INF] Tether Communication Service started successfully
2026-05-21 15:06:20.785 +05:30 [INF] Tether Communication Service is stopping
2026-05-21 15:06:24.281 +05:30 [INF] TrustStateManager initialized
2026-05-21 15:06:24.313 +05:30 [INF] EnforcementManager ready
2026-05-21 15:06:24.314 +05:30 [INF] RecoveryManager initialized (skeleton)
2026-05-21 15:06:24.316 +05:30 [INF] Pipe server started
2026-05-21 15:06:24.318 +05:30 [INF] BLE Manager starting...
2026-05-21 15:06:24.320 +05:30 [INF] Named pipe server waiting for connection on TetherPipe...
2026-05-21 15:06:24.334 +05:30 [INF] Found saved device ID, attempting to reconnect...
2026-05-21 15:06:24.459 +05:30 [INF] All services initialized. Starting host...
2026-05-21 15:06:24.469 +05:30 [INF] Tether Communication Service started successfully
2026-05-21 15:07:10.429 +05:30 [INF] TrustStateManager initialized
2026-05-21 15:07:10.461 +05:30 [INF] EnforcementManager ready
2026-05-21 15:07:10.462 +05:30 [INF] RecoveryManager initialized (skeleton)
2026-05-21 15:07:10.465 +05:30 [INF] Pipe server started
2026-05-21 15:07:10.467 +05:30 [INF] BLE Manager starting...
2026-05-21 15:07:10.469 +05:30 [INF] Named pipe server waiting for connection on TetherPipe...
2026-05-21 15:07:10.483 +05:30 [INF] Found saved device ID, attempting to reconnect...
2026-05-21 15:07:10.607 +05:30 [INF] All services initialized. Starting host...
2026-05-21 15:07:10.617 +05:30 [INF] Tether Communication Service started successfully
2026-05-21 15:10:35.655 +05:30 [INF] TrustStateManager initialized
2026-05-21 15:10:35.690 +05:30 [INF] EnforcementManager ready
2026-05-21 15:10:35.691 +05:30 [INF] RecoveryManager initialized (skeleton)
2026-05-21 15:10:35.693 +05:30 [INF] Pipe server started
2026-05-21 15:10:35.694 +05:30 [INF] BLE Manager starting...
2026-05-21 15:10:35.697 +05:30 [INF] Named pipe server waiting for connection on TetherPipe...
2026-05-21 15:10:35.733 +05:30 [INF] Found saved device ID, attempting to reconnect...
2026-05-21 15:10:36.148 +05:30 [INF] All services initialized. Starting host...
2026-05-21 15:10:36.161 +05:30 [INF] Tether Communication Service started successfully
2026-05-21 15:12:32.576 +05:30 [INF] Tether Communication Service is stopping
2026-05-21 20:36:10.493 +05:30 [INF] TrustStateManager initialized
2026-05-21 20:36:10.524 +05:30 [INF] EnforcementManager ready
2026-05-21 20:36:10.525 +05:30 [INF] RecoveryManager initialized (skeleton)
2026-05-21 20:36:10.527 +05:30 [INF] Pipe server started
2026-05-21 20:36:10.527 +05:30 [INF] BLE Manager starting - looking for device: 'Tirth's S25 FE'
2026-05-21 20:36:11.815 +05:30 [INF] Named pipe server waiting for connection on TetherPipe...
2026-05-21 20:36:12.303 +05:30 [INF] BLE scanning started...
2026-05-21 20:36:12.304 +05:30 [INF] All services initialized. Starting host...
2026-05-21 20:36:12.333 +05:30 [INF] Tether Communication Service started successfully
2026-05-21 20:36:12.500 +05:30 [INF] 🔍 DEVICE FOUND: Name='Tirth's S25 FE', ID=BluetoothLE#BluetoothLE0c:9a:3c:45:78:05-42:21:e8:0a:c1:3d
2026-05-21 20:36:12.511 +05:30 [INF]   ✅ NAME MATCHED! Found target device: 'Tirth's S25 FE'
2026-05-21 20:36:12.511 +05:30 [INF] 🎯 CONNECTING to Tirth's S25 FE...
2026-05-21 20:36:12.514 +05:30 [INF] Connecting to device: BluetoothLE#BluetoothLE0c:9a:3c:45:78:05-42:21:e8:0a:c1:3d
2026-05-21 20:36:12.771 +05:30 [INF] 🔍 DEVICE FOUND: Name='', ID=BluetoothLE#BluetoothLE0c:9a:3c:45:78:05-35:ef:6d:84:55:23
2026-05-21 20:36:12.914 +05:30 [INF] 🔍 DEVICE FOUND: Name='', ID=BluetoothLE#BluetoothLE0c:9a:3c:45:78:05-18:b3:e0:34:ce:e7
2026-05-21 20:36:14.801 +05:30 [INF] ✅ Successfully connected!
2026-05-21 20:36:15.359 +05:30 [ERR] Connection error: 
2026-05-21 20:36:15.360 +05:30 [WRN] Handling disconnection...
2026-05-21 20:36:15.363 +05:30 [INF] TrustStateManager received event: PHONE_DISCONNECTED
2026-05-21 20:36:15.364 +05:30 [WRN] Enforcing lockdown due to TRUST_LOST
2026-05-21 20:36:15.365 +05:30 [INF] TrustStateManager received event: TRUST_LOST
2026-05-21 20:36:15.366 +05:30 [WRN] Trust lost – enforcement will lock
2026-05-21 20:36:15.367 +05:30 [INF] Trust state changed to LIMITED
2026-05-21 20:36:15.367 +05:30 [ERR] 🔒 Device disconnected - LOCKING WORKSTATION!
2026-05-21 20:36:15.368 +05:30 [INF] Pinned to BluetoothLE#BluetoothLE0c:9a:3c:45:78:05-42:21:e8:0a:c1:3d. Entering infinite reconnect loop...
2026-05-21 20:36:18.366 +05:30 [INF] Connecting to device: BluetoothLE#BluetoothLE0c:9a:3c:45:78:05-42:21:e8:0a:c1:3d
2026-05-21 20:36:18.761 +05:30 [INF] ✅ Successfully connected!
2026-05-21 20:36:18.879 +05:30 [ERR] Connection error: 
2026-05-21 20:36:18.880 +05:30 [WRN] Handling disconnection...
2026-05-21 20:36:18.881 +05:30 [INF] TrustStateManager received event: PHONE_DISCONNECTED
2026-05-21 20:36:18.882 +05:30 [WRN] Enforcing lockdown due to TRUST_LOST
2026-05-21 20:36:18.884 +05:30 [INF] TrustStateManager received event: TRUST_LOST
2026-05-21 20:36:18.887 +05:30 [WRN] Trust lost – enforcement will lock
2026-05-21 20:36:18.888 +05:30 [INF] Trust state changed to LIMITED
2026-05-21 20:36:18.889 +05:30 [ERR] 🔒 Device disconnected - LOCKING WORKSTATION!
2026-05-21 20:36:18.893 +05:30 [INF] Pinned to BluetoothLE#BluetoothLE0c:9a:3c:45:78:05-42:21:e8:0a:c1:3d. Entering infinite reconnect loop...
2026-05-21 20:36:21.376 +05:30 [INF] Connecting to device: BluetoothLE#BluetoothLE0c:9a:3c:45:78:05-42:21:e8:0a:c1:3d
2026-05-21 20:36:21.750 +05:30 [INF] ✅ Successfully connected!
2026-05-21 20:36:21.775 +05:30 [INF] TrustStateManager received event: PHONE_CONNECTED
2026-05-21 20:36:21.776 +05:30 [INF] TrustStateManager received event: TRUST_RESTORED
2026-05-21 20:36:21.777 +05:30 [INF] Trust state changed to TRUSTED
2026-05-21 20:36:36.634 +05:30 [INF] 🔍 DEVICE FOUND: Name='', ID=BluetoothLE#BluetoothLE0c:9a:3c:45:78:05-48:cb:05:b3:b0:2c
2026-05-21 20:36:42.314 +05:30 [INF] Device enumeration completed - continuing to listen for new devices
2026-05-21 20:36:52.625 +05:30 [INF] 🔍 DEVICE FOUND: Name='', ID=BluetoothLE#BluetoothLE0c:9a:3c:45:78:05-32:36:a6:97:11:ea
2026-05-21 20:36:53.196 +05:30 [INF] 🔍 DEVICE FOUND: Name='', ID=BluetoothLE#BluetoothLE0c:9a:3c:45:78:05-31:61:79:74:78:ce
2026-05-21 20:36:56.291 +05:30 [INF] TrustStateManager received event: TRUST_DEGRADED
2026-05-21 20:36:56.292 +05:30 [WRN] Trust degraded due to proximity
2026-05-21 20:36:58.787 +05:30 [ERR] 🔒 SIGNAL LOST: -77 dBm <= -75. LOCKING WORKSTATION!
2026-05-21 20:36:58.788 +05:30 [WRN] Enforcing lockdown due to TRUST_LOST
2026-05-21 20:36:58.789 +05:30 [INF] TrustStateManager received event: TRUST_LOST
2026-05-21 20:36:58.790 +05:30 [WRN] Trust lost – enforcement will lock
2026-05-21 20:37:07.973 +05:30 [INF] 🔍 DEVICE FOUND: Name='', ID=BluetoothLE#BluetoothLE0c:9a:3c:45:78:05-31:61:79:74:78:ce
2026-05-21 20:37:08.494 +05:30 [INF] 🔍 DEVICE FOUND: Name='', ID=BluetoothLE#BluetoothLE0c:9a:3c:45:78:05-32:36:a6:97:11:ea
2026-05-21 20:37:44.964 +05:30 [INF] 🔍 DEVICE FOUND: Name='', ID=BluetoothLE#BluetoothLE0c:9a:3c:45:78:05-48:cb:05:b3:b0:2c
2026-05-21 20:37:50.199 +05:30 [INF] 🔍 DEVICE FOUND: Name='', ID=BluetoothLE#BluetoothLE0c:9a:3c:45:78:05-1d:f8:d6:bc:e4:88
2026-05-21 20:37:50.202 +05:30 [INF] 🔍 DEVICE FOUND: Name='', ID=BluetoothLE#BluetoothLE0c:9a:3c:45:78:05-0c:57:35:5f:47:f8
2026-05-21 20:37:50.645 +05:30 [INF] 🔍 DEVICE FOUND: Name='', ID=BluetoothLE#BluetoothLE0c:9a:3c:45:78:05-c0:4a:0e:41:0f:9b
2026-05-21 20:38:09.432 +05:30 [WRN] Handling disconnection...
2026-05-21 20:38:09.433 +05:30 [INF] TrustStateManager received event: PHONE_DISCONNECTED
2026-05-21 20:38:09.434 +05:30 [WRN] Enforcing lockdown due to TRUST_LOST
2026-05-21 20:38:09.435 +05:30 [INF] TrustStateManager received event: TRUST_LOST
2026-05-21 20:38:09.436 +05:30 [WRN] Trust lost – enforcement will lock
2026-05-21 20:38:09.437 +05:30 [INF] Trust state changed to LIMITED
2026-05-21 20:38:09.437 +05:30 [ERR] 🔒 Device disconnected - LOCKING WORKSTATION!
2026-05-21 20:38:09.438 +05:30 [INF] Pinned to BluetoothLE#BluetoothLE0c:9a:3c:45:78:05-42:21:e8:0a:c1:3d. Entering infinite reconnect loop...
2026-05-21 20:38:10.157 +05:30 [INF] 🔍 DEVICE FOUND: Name='Watch Pro', ID=BluetoothLE#BluetoothLE0c:9a:3c:45:78:05-2c:be:eb:bf:37:a4
2026-05-21 20:38:12.443 +05:30 [INF] Connecting to device: BluetoothLE#BluetoothLE0c:9a:3c:45:78:05-42:21:e8:0a:c1:3d
2026-05-21 20:38:17.313 +05:30 [WRN] Target device removed from enumeration
2026-05-21 20:38:17.905 +05:30 [INF] 🔍 DEVICE FOUND: Name='Tirth's S25 FE', ID=BluetoothLE#BluetoothLE0c:9a:3c:45:78:05-7a:be:ee:b9:17:76
2026-05-21 20:38:17.915 +05:30 [INF] 🔍 DEVICE FOUND: Name='', ID=BluetoothLE#BluetoothLE0c:9a:3c:45:78:05-12:03:67:4f:9b:17
2026-05-21 20:38:18.022 +05:30 [INF] 🔍 DEVICE FOUND: Name='', ID=BluetoothLE#BluetoothLE0c:9a:3c:45:78:05-2e:68:0a:1d:13:e9
2026-05-21 20:38:20.177 +05:30 [ERR] Failed to discover GATT services: Unreachable
2026-05-21 20:38:21.458 +05:30 [INF] Connecting to device: BluetoothLE#BluetoothLE0c:9a:3c:45:78:05-42:21:e8:0a:c1:3d
2026-05-21 20:38:24.980 +05:30 [INF] 🔍 DEVICE FOUND: Name='', ID=BluetoothLE#BluetoothLE0c:9a:3c:45:78:05-c0:4a:0e:41:0f:9b
2026-05-21 20:38:29.187 +05:30 [ERR] Failed to discover GATT services: Unreachable
2026-05-21 20:38:30.488 +05:30 [INF] Connecting to device: BluetoothLE#BluetoothLE0c:9a:3c:45:78:05-42:21:e8:0a:c1:3d
2026-05-21 20:38:38.207 +05:30 [ERR] Failed to discover GATT services: Unreachable
2026-05-21 20:38:39.517 +05:30 [INF] Connecting to device: BluetoothLE#BluetoothLE0c:9a:3c:45:78:05-42:21:e8:0a:c1:3d
2026-05-21 20:38:47.229 +05:30 [ERR] Failed to discover GATT services: Unreachable
2026-05-21 20:38:48.010 +05:30 [INF] 🔍 DEVICE FOUND: Name='Watch Pro', ID=BluetoothLE#BluetoothLE0c:9a:3c:45:78:05-2c:be:eb:bf:37:a4
2026-05-21 20:38:48.537 +05:30 [INF] Connecting to device: BluetoothLE#BluetoothLE0c:9a:3c:45:78:05-42:21:e8:0a:c1:3d
2026-05-21 20:38:56.241 +05:30 [ERR] Failed to discover GATT services: Unreachable
2026-05-21 20:38:56.490 +05:30 [INF] 🔍 DEVICE FOUND: Name='', ID=BluetoothLE#BluetoothLE0c:9a:3c:45:78:05-26:74:08:d9:71:9b
2026-05-21 20:38:56.595 +05:30 [INF] 🔍 DEVICE FOUND: Name='', ID=BluetoothLE#BluetoothLE0c:9a:3c:45:78:05-1d:5c:58:7a:7a:7c
2026-05-21 20:38:56.717 +05:30 [INF] 🔍 DEVICE FOUND: Name='Tirth's S25 FE', ID=BluetoothLE#BluetoothLE0c:9a:3c:45:78:05-47:08:ed:bd:9f:14
2026-05-21 20:38:57.557 +05:30 [INF] Connecting to device: BluetoothLE#BluetoothLE0c:9a:3c:45:78:05-42:21:e8:0a:c1:3d
2026-05-21 20:39:00.078 +05:30 [INF] 🔍 DEVICE FOUND: Name='', ID=BluetoothLE#BluetoothLE0c:9a:3c:45:78:05-48:cb:05:b3:b0:2c
2026-05-21 20:39:05.272 +05:30 [ERR] Failed to discover GATT services: Unreachable
2026-05-21 20:39:06.583 +05:30 [INF] Connecting to device: BluetoothLE#BluetoothLE0c:9a:3c:45:78:05-42:21:e8:0a:c1:3d
2026-05-21 20:39:14.296 +05:30 [ERR] Failed to discover GATT services: Unreachable
2026-05-21 20:39:14.876 +05:30 [INF] 🔍 DEVICE FOUND: Name='', ID=BluetoothLE#BluetoothLE0c:9a:3c:45:78:05-48:cb:05:b3:b0:2c
2026-05-21 20:39:15.610 +05:30 [INF] Connecting to device: BluetoothLE#BluetoothLE0c:9a:3c:45:78:05-42:21:e8:0a:c1:3d
2026-05-21 20:39:20.478 +05:30 [INF] 🔍 DEVICE FOUND: Name='Tirth's S25 FE', ID=BluetoothLE#BluetoothLE0c:9a:3c:45:78:05-55:33:e4:02:50:49
2026-05-21 20:39:23.329 +05:30 [ERR] Failed to discover GATT services: Unreachable
2026-05-21 20:39:24.641 +05:30 [INF] Connecting to device: BluetoothLE#BluetoothLE0c:9a:3c:45:78:05-42:21:e8:0a:c1:3d
2026-05-21 20:39:32.358 +05:30 [ERR] Failed to discover GATT services: Unreachable
2026-05-21 20:39:33.667 +05:30 [INF] Connecting to device: BluetoothLE#BluetoothLE0c:9a:3c:45:78:05-42:21:e8:0a:c1:3d
2026-05-21 20:39:41.378 +05:30 [ERR] Failed to discover GATT services: Unreachable
2026-05-21 20:39:42.685 +05:30 [INF] Connecting to device: BluetoothLE#BluetoothLE0c:9a:3c:45:78:05-42:21:e8:0a:c1:3d
2026-05-21 20:39:50.397 +05:30 [ERR] Failed to discover GATT services: Unreachable
2026-05-21 20:39:51.705 +05:30 [INF] Connecting to device: BluetoothLE#BluetoothLE0c:9a:3c:45:78:05-42:21:e8:0a:c1:3d
2026-05-21 20:39:59.458 +05:30 [ERR] Failed to discover GATT services: Unreachable
2026-05-21 20:40:00.562 +05:30 [INF] 🔍 DEVICE FOUND: Name='', ID=BluetoothLE#BluetoothLE0c:9a:3c:45:78:05-04:c5:6f:28:2d:77
2026-05-21 20:40:00.715 +05:30 [INF] Connecting to device: BluetoothLE#BluetoothLE0c:9a:3c:45:78:05-42:21:e8:0a:c1:3d
2026-05-21 20:40:00.852 +05:30 [INF] 🔍 DEVICE FOUND: Name='', ID=BluetoothLE#BluetoothLE0c:9a:3c:45:78:05-35:23:83:94:59:0e
2026-05-21 20:40:08.440 +05:30 [ERR] Failed to discover GATT services: Unreachable
2026-05-21 20:40:09.732 +05:30 [INF] Connecting to device: BluetoothLE#BluetoothLE0c:9a:3c:45:78:05-42:21:e8:0a:c1:3d
2026-05-21 20:40:17.451 +05:30 [ERR] Failed to discover GATT services: Unreachable
2026-05-21 20:40:18.753 +05:30 [INF] Connecting to device: BluetoothLE#BluetoothLE0c:9a:3c:45:78:05-42:21:e8:0a:c1:3d
2026-05-21 20:40:26.471 +05:30 [ERR] Failed to discover GATT services: Unreachable
2026-05-21 20:40:27.784 +05:30 [INF] Connecting to device: BluetoothLE#BluetoothLE0c:9a:3c:45:78:05-42:21:e8:0a:c1:3d
2026-05-21 20:40:35.529 +05:30 [ERR] Failed to discover GATT services: Unreachable
2026-05-21 20:40:36.794 +05:30 [INF] Connecting to device: BluetoothLE#BluetoothLE0c:9a:3c:45:78:05-42:21:e8:0a:c1:3d
2026-05-21 20:40:44.514 +05:30 [ERR] Failed to discover GATT services: Unreachable
2026-05-21 20:40:45.808 +05:30 [INF] Connecting to device: BluetoothLE#BluetoothLE0c:9a:3c:45:78:05-42:21:e8:0a:c1:3d
2026-05-21 20:40:53.521 +05:30 [ERR] Failed to discover GATT services: Unreachable
2026-05-21 20:40:54.817 +05:30 [INF] Connecting to device: BluetoothLE#BluetoothLE0c:9a:3c:45:78:05-42:21:e8:0a:c1:3d
2026-05-21 20:41:02.542 +05:30 [ERR] Failed to discover GATT services: Unreachable
2026-05-21 20:41:03.841 +05:30 [INF] Connecting to device: BluetoothLE#BluetoothLE0c:9a:3c:45:78:05-42:21:e8:0a:c1:3d
2026-05-21 20:41:06.437 +05:30 [INF] 🔍 DEVICE FOUND: Name='', ID=BluetoothLE#BluetoothLE0c:9a:3c:45:78:05-48:cb:05:b3:b0:2c
2026-05-21 20:41:11.564 +05:30 [ERR] Failed to discover GATT services: Unreachable
2026-05-21 20:41:12.857 +05:30 [INF] Connecting to device: BluetoothLE#BluetoothLE0c:9a:3c:45:78:05-42:21:e8:0a:c1:3d
2026-05-21 20:41:13.852 +05:30 [INF] 🔍 DEVICE FOUND: Name='', ID=BluetoothLE#BluetoothLE0c:9a:3c:45:78:05-5b:c6:85:1c:0a:8d
2026-05-21 20:41:14.052 +05:30 [INF] 🔍 DEVICE FOUND: Name='EMBERTON II [LE]', ID=BluetoothLE#BluetoothLE0c:9a:3c:45:78:05-5b:af:72:1c:d1:46
2026-05-21 20:41:14.587 +05:30 [INF] 🔍 DEVICE FOUND: Name='EMBERTON II [LE]', ID=BluetoothLE#BluetoothLE0c:9a:3c:45:78:05-5c:1d:1d:e0:a4:01
2026-05-21 20:41:17.535 +05:30 [INF] 🔍 DEVICE FOUND: Name='', ID=BluetoothLE#BluetoothLE0c:9a:3c:45:78:05-52:0f:63:87:66:70
2026-05-21 20:41:19.247 +05:30 [INF] 🔍 DEVICE FOUND: Name='', ID=BluetoothLE#BluetoothLE0c:9a:3c:45:78:05-42:c9:a0:05:ea:ec
2026-05-21 20:41:20.602 +05:30 [ERR] Failed to discover GATT services: Unreachable
2026-05-21 20:41:21.876 +05:30 [INF] Connecting to device: BluetoothLE#BluetoothLE0c:9a:3c:45:78:05-42:21:e8:0a:c1:3d
2026-05-21 20:41:23.696 +05:30 [INF] 🔍 DEVICE FOUND: Name='', ID=BluetoothLE#BluetoothLE0c:9a:3c:45:78:05-52:74:d8:43:a4:42
2026-05-21 20:41:23.836 +05:30 [INF] 🔍 DEVICE FOUND: Name='', ID=BluetoothLE#BluetoothLE0c:9a:3c:45:78:05-54:a2:de:d8:1b:81
2026-05-21 20:41:29.598 +05:30 [ERR] Failed to discover GATT services: Unreachable
2026-05-21 20:41:30.889 +05:30 [INF] Connecting to device: BluetoothLE#BluetoothLE0c:9a:3c:45:78:05-42:21:e8:0a:c1:3d
2026-05-21 20:41:30.912 +05:30 [INF] 🔍 DEVICE FOUND: Name='', ID=BluetoothLE#BluetoothLE0c:9a:3c:45:78:05-3d:18:0d:11:af:26
2026-05-21 20:41:31.073 +05:30 [INF] 🔍 DEVICE FOUND: Name='', ID=BluetoothLE#BluetoothLE0c:9a:3c:45:78:05-05:f9:6d:e3:43:c3
2026-05-21 20:41:32.142 +05:30 [INF] 🔍 DEVICE FOUND: Name='', ID=BluetoothLE#BluetoothLE0c:9a:3c:45:78:05-67:c3:2e:9c:c8:bb
2026-05-21 20:41:37.395 +05:30 [INF] 🔍 DEVICE FOUND: Name='', ID=BluetoothLE#BluetoothLE0c:9a:3c:45:78:05-6f:26:d5:ed:f4:f8
2026-05-21 20:41:38.607 +05:30 [ERR] Failed to discover GATT services: Unreachable
2026-05-21 20:41:39.908 +05:30 [INF] Connecting to device: BluetoothLE#BluetoothLE0c:9a:3c:45:78:05-42:21:e8:0a:c1:3d
2026-05-21 20:41:40.247 +05:30 [INF] Tether Communication Service is stopping
2026-05-21 20:41:40.259 +05:30 [ERR] Connection error: A task was canceled.
2026-05-21 20:41:56.848 +05:30 [INF] TrustStateManager initialized
2026-05-21 20:41:56.880 +05:30 [INF] EnforcementManager ready
2026-05-21 20:41:56.881 +05:30 [INF] RecoveryManager initialized (skeleton)
2026-05-21 20:41:56.883 +05:30 [INF] Pipe server started
2026-05-21 20:41:56.884 +05:30 [INF] BLE Manager starting - looking for device: 'Tirth's S25 FE'
2026-05-21 20:41:58.007 +05:30 [INF] Named pipe server waiting for connection on TetherPipe...
2026-05-21 20:41:58.303 +05:30 [INF] BLE scanning started...
2026-05-21 20:41:58.305 +05:30 [INF] All services initialized. Starting host...
2026-05-21 20:41:58.309 +05:30 [INF] 🎯 TARGET DISCOVERED: Tirth's S25 FE (ID: BluetoothLE#BluetoothLE0c:9a:3c:45:78:05-42:21:e8:0a:c1:3d)
2026-05-21 20:41:58.314 +05:30 [INF] Connecting to: BluetoothLE#BluetoothLE0c:9a:3c:45:78:05-42:21:e8:0a:c1:3d
2026-05-21 20:41:58.325 +05:30 [INF] Tether Communication Service started successfully
2026-05-21 20:42:03.316 +05:30 [WRN] Target device removed from BLE environment
2026-05-21 20:42:19.774 +05:30 [INF] 🎯 TARGET DISCOVERED: Tirth's S25 FE (ID: BluetoothLE#BluetoothLE0c:9a:3c:45:78:05-6c:c7:9e:10:03:26)
2026-05-21 20:42:19.775 +05:30 [INF] Connecting to: BluetoothLE#BluetoothLE0c:9a:3c:45:78:05-6c:c7:9e:10:03:26
2026-05-21 20:42:22.492 +05:30 [INF] ✅ Connected to Tirth's S25 FE
2026-05-21 20:42:23.029 +05:30 [ERR] Connection failed: 
2026-05-21 20:42:28.309 +05:30 [INF] Initial scan complete. Watching for device presence...
2026-05-21 20:42:48.316 +05:30 [WRN] Target device removed from BLE environment
2026-05-21 20:42:48.320 +05:30 [INF] TrustStateManager received event: PHONE_DISCONNECTED
2026-05-21 20:42:48.321 +05:30 [WRN] Enforcing lockdown due to TRUST_LOST
2026-05-21 20:42:48.321 +05:30 [INF] TrustStateManager received event: TRUST_LOST
2026-05-21 20:42:48.322 +05:30 [WRN] Trust lost – enforcement will lock
2026-05-21 20:42:48.323 +05:30 [INF] Trust state changed to LIMITED
2026-05-21 20:42:48.323 +05:30 [ERR] 🔒 LOCKING: Device out of range or disconnected.
2026-05-21 20:43:09.738 +05:30 [WRN] Physical connection lost.
2026-05-21 20:43:09.738 +05:30 [INF] 🎯 TARGET DISCOVERED: Tirth's S25 FE (ID: BluetoothLE#BluetoothLE0c:9a:3c:45:78:05-6c:c7:9e:10:03:26)
2026-05-21 20:43:09.740 +05:30 [INF] Connecting to: BluetoothLE#BluetoothLE0c:9a:3c:45:78:05-6c:c7:9e:10:03:26
2026-05-21 20:43:18.320 +05:30 [WRN] Target device removed from BLE environment
2026-05-21 20:43:27.986 +05:30 [INF] 🎯 TARGET DISCOVERED: Tirth's S25 FE (ID: BluetoothLE#BluetoothLE0c:9a:3c:45:78:05-60:14:3c:a7:a4:75)
2026-05-21 20:43:27.988 +05:30 [INF] Connecting to: BluetoothLE#BluetoothLE0c:9a:3c:45:78:05-60:14:3c:a7:a4:75
2026-05-21 20:43:30.023 +05:30 [INF] ✅ Connected to Tirth's S25 FE
2026-05-21 20:43:30.398 +05:30 [ERR] Connection failed: 
2026-05-21 20:43:42.087 +05:30 [INF] Tether Communication Service is stopping
